date,day,gross_sales,returns,discounts_comps,net_sales,gift_card_sales,tax,tip,refunds_by_amount,total_collected,cash,card,gift_card,fees,is_store_open
2023-01-01,Sunday,0.0,0.0,0.0,0.0,0.0,0.0,0.0,0.0,0.0,0.0,0.0,0.0,0.0,0
2023-01-02,Monday,0.0,0.0,0.0,0.0,0.0,0.0,0.0,0.0,0.0,0.0,0.0,0.0,0.0,0
2023-01-03,Tuesday,0.0,0.0,0.0,0.0,0.0,0.0,0.0,0.0,0.0,0.0,0.0,0.0,0.0,0
2023-01-04,Wednesday,0.0,0.0,0.0,0.0,0.0,0.0,0.0,0.0,0.0,0.0,0.0,0.0,0.0,0
2023-01-05,Thursday,0.0,0.0,0.0,0.0,0.0,0.0,0.0,0.0,0.0,0.0,0.0,0.0,0.0,0
2023-01-06,Friday,0.0,0.0,0.0,0.0,0.0,0.0,0.0,0.0,0.0,0.0,0.0,0.0,0.0,0
2023-01-07,Saturday,0.0,0.0,0.0,0.0,0.0,0.0,0.0,0.0,0.0,0.0,0.0,0.0,0.0,0
2023-01-08,Sunday,0.0,0.0,0.0,0.0,0.0,0.0,0.0,0.0,0.0,0.0,0.0,0.0,0.0,0
2023-01-09,Monday,0.0,0.0,0.0,0.0,0.0,0.0,0.0,0.0,0.0,0.0,0.0,0.0,0.0,0
2023-01-10,Tuesday,0.0,0.0,0.0,0.0,0.0,0.0,0.0,0.0,0.0,0.0,0.0,0.0,0.0,0
2023-01-11,Wednesday,972.23,0.0,-12.13,960.1,0.0,94.22,58.52,0.0,1112.87,56.0,1056.87,0.0,-17.7,1
2023-01-12,Thursday,1316.28,0.0,-51.6,1264.68,0.0,113.85,66.53,0.0,1445.05,118.05,1284.91,42.09,-25.7,1
2023-01-13,Friday,1354.81,0.0,-24.1,1330.71,0.0,118.38,78.79,0.0,1527.88,80.35,1422.53,25.0,-24.01,1
2023-01-14,Saturday,2419.78,0.0,-31.97,2387.81,75.0,215.01,177.15,0.0,2855.0,203.55,2651.45,0.0,-43.19,1
2023-01-15,Sunday,1423.06,-23.0,-107.92,1292.14,0.0,111.4,128.24,0.0,1531.78,54.6,1477.18,0.0,-26.27,1
2023-01-16,Monday,0.0,0.0,0.0,0.0,0.0,0.0,0.0,0.0,0.0,0.0,0.0,0.0,0.0,0
2023-01-17,Tuesday,0.0,0.0,0.0,0.0,0.0,0.0,0.0,0.0,0.0,0.0,0.0,0.0,0.0,0
2023-01-18,Wednesday,994.16,0.0,-9.05,985.11,0.0,94.63,72.28,0.0,1152.05,122.5,1029.55,0.0,-22.07,1
2023-01-19,Thursday,1193.0,0.0,-14.57,1178.43,0.0,97.08,53.41,0.0,1328.89,88.7,1240.19,0.0,-19.23,1
2023-01-20,Friday,1259.45,0.0,-24.95,1234.5,100.0,101.18,84.55,0.0,1520.23,162.4,1357.83,0.0,-24.85,1
2023-01-21,Saturday,2749.15,0.0,-50.96,2698.19,0.0,202.88,164.33,0.0,3065.41,161.5,2903.91,0.0,-50.29,1
2023-01-22,Sunday,1317.49,0.0,-21.1,1296.39,0.0,98.96,120.88,0.0,1516.21,125.7,1390.51,0.0,-23.02,1
2023-01-23,Monday,0.0,0.0,0.0,0.0,0.0,0.0,0.0,0.0,0.0,0.0,0.0,0.0,0.0,0
2023-01-24,Tuesday,0.0,0.0,0.0,0.0,0.0,0.0,0.0,0.0,0.0,0.0,0.0,0.0,0.0,0
2023-01-25,Wednesday,1179.34,0.0,-2.88,1176.46,0.0,119.88,69.83,0.0,1366.19,33.05,1333.14,0.0,-24.91,1
2023-01-26,Thursday,974.42,0.0,-14.77,959.65,40.0,94.47,92.94,0.0,1187.1,54.5,1132.6,0.0,-23.82,1
2023-01-27,Friday,1355.54,0.0,-6.63,1348.91,0.0,111.52,93.87,0.0,1554.31,62.35,1491.96,0.0,-26.63,1
2023-01-28,Saturday,1840.79,0.0,-9.79,1831.0,0.0,149.12,94.64,0.0,2074.77,129.85,1944.92,0.0,-28.99,1
2023-01-29,Sunday,1226.27,0.0,-72.4,1153.87,0.0,93.05,67.58,0.0,1314.48,2.6,1311.88,0.0,-24.3,1
2023-01-30,Monday,0.0,0.0,0.0,0.0,0.0,0.0,0.0,0.0,0.0,0.0,0.0,0.0,0.0,0
2023-01-31,Tuesday,0.0,0.0,0.0,0.0,0.0,0.0,0.0,0.0,0.0,0.0,0.0,0.0,0.0,0
2023-02-01,Wednesday,919.07,0.0,-33.35,885.72,0.0,84.44,42.35,0.0,1012.52,280.35,732.17,0.0,-10.43,1
2023-02-02,Thursday,1463.52,0.0,-20.61,1442.91,0.0,108.76,72.7,0.0,1624.33,198.05,1426.28,0.0,-26.21,1
2023-02-03,Friday,1051.04,0.0,-9.6,1041.44,0.0,93.65,49.94,0.0,1185.02,3.4,1181.62,0.0,-22.71,1
2023-02-04,Saturday,2243.72,0.0,-12.43,2231.29,0.0,176.67,186.98,0.0,2595.0,287.85,2284.22,22.93,-37.68,1
2023-02-05,Sunday,1405.99,0.0,-25.12,1380.87,0.0,85.04,77.2,0.0,1543.09,125.1,1417.99,0.0,-22.58,1
2023-02-06,Monday,0.0,0.0,0.0,0.0,0.0,0.0,0.0,0.0,0.0,0.0,0.0,0.0,0.0,0
2023-02-07,Tuesday,0.0,0.0,0.0,0.0,0.0,0.0,0.0,0.0,0.0,0.0,0.0,0.0,0.0,0
2023-02-08,Wednesday,1251.03,0.0,-14.96,1236.07,0.0,109.63,66.8,0.0,1412.55,114.75,1297.8,0.0,-25.12,1
2023-02-09,Thursday,887.52,0.0,-7.76,879.76,0.0,88.92,59.0,0.0,1027.72,79.05,900.94,47.73,-13.1,1
2023-02-10,Friday,1393.09,0.0,-7.3,1385.79,0.0,128.71,82.49,0.0,1597.04,111.8,1485.24,0.0,-20.75,1
2023-02-11,Saturday,2422.99,0.0,-17.76,2405.23,0.0,188.92,129.4,0.0,2723.56,132.95,2590.61,0.0,-41.92,1
2023-02-12,Sunday,1350.18,0.0,-2.3,1347.88,0.0,111.14,58.61,0.0,1517.64,252.9,1264.74,0.0,-26.11,1
2023-02-13,Monday,0.0,0.0,0.0,0.0,0.0,0.0,0.0,0.0,0.0,0.0,0.0,0.0,0.0,0
2023-02-14,Tuesday,3746.54,0.0,-45.26,3701.28,0.0,331.67,296.95,0.0,4329.81,424.75,3883.7,21.36,-74.95,1
2023-02-15,Wednesday,2319.8,0.0,-10.07,2309.73,0.0,202.59,149.09,0.0,2661.53,199.95,2461.58,0.0,-40.99,1
2023-02-16,Thursday,2665.38,0.0,-20.96,2644.42,0.0,272.74,205.63,0.0,3122.98,314.9,2808.08,0.0,-49.59,1
2023-02-17,Friday,3091.33,0.0,-42.18,3049.15,0.0,308.1,221.19,0.0,3578.45,219.45,3358.81,0.19,-51.21,1
2023-02-18,Saturday,4273.4,0.0,-11.84,4261.56,0.0,380.42,327.09,0.0,4969.06,246.75,4722.31,0.0,-73.1,1
2023-02-19,Sunday,2131.08,0.0,-3.31,2127.77,50.0,193.15,176.39,0.0,2547.31,256.3,2291.01,0.0,-39.19,1
2023-02-20,Monday,0.0,0.0,0.0,0.0,0.0,0.0,0.0,0.0,0.0,0.0,0.0,0.0,0.0,0
2023-02-21,Tuesday,0.0,0.0,0.0,0.0,0.0,0.0,0.0,0.0,0.0,0.0,0.0,0.0,0.0,0
2023-02-22,Wednesday,1650.66,0.0,-21.39,1629.27,50.0,156.98,120.4,0.0,1956.66,163.6,1793.06,0.0,-36.22,1
2023-02-23,Thursday,1370.52,0.0,-34.18,1336.34,0.0,130.32,80.12,0.0,1546.85,141.7,1389.73,15.42,-22.62,1
2023-02-24,Friday,2492.02,0.0,-40.48,2451.54,0.0,189.4,168.03,0.0,2808.98,231.65,2577.33,0.0,-50.14,1
2023-02-25,Saturday,4167.59,0.0,-75.83,4091.76,0.0,324.96,303.38,0.0,4720.17,210.8,4509.37,0.0,-77.09,1
2023-02-26,Sunday,2407.75,0.0,-57.33,2350.42,0.0,215.29,199.71,0.0,2765.41,183.95,2569.94,11.52,-42.85,1
2023-02-27,Monday,0.0,0.0,0.0,0.0,0.0,0.0,0.0,0.0,0.0,0.0,0.0,0.0,0.0,0
2023-02-28,Tuesday,0.0,0.0,0.0,0.0,0.0,0.0,0.0,0.0,0.0,0.0,0.0,0.0,0.0,0
2023-03-01,Wednesday,2522.93,0.0,-21.15,2501.78,60.0,226.32,166.99,0.0,2955.06,138.45,2723.38,93.23,-42.65,1
2023-03-02,Thursday,2264.49,0.0,-15.46,2249.03,0.0,233.15,157.06,0.0,2639.36,322.6,2316.76,0.0,-38.24,1
2023-03-03,Friday,3181.58,0.0,-55.9,3125.68,0.0,294.19,182.83,0.0,3602.79,149.0,3453.79,0.0,-50.86,1
2023-03-04,Saturday,3649.79,0.0,-20.78,3629.01,40.0,338.79,266.5,0.0,4274.3,224.75,4003.54,46.01,-67.59,1
2023-03-05,Sunday,3197.42,-18.0,-24.09,3155.33,0.0,246.39,208.75,0.0,3610.42,235.45,3374.97,0.0,-56.24,1
2023-03-06,Monday,0.0,0.0,0.0,0.0,0.0,0.0,0.0,0.0,0.0,0.0,0.0,0.0,0.0,0
2023-03-07,Tuesday,85.0,0.0,0.0,85.0,0.0,0.0,0.0,0.0,85.0,0.0,85.0,0.0,-2.25,1
2023-03-08,Wednesday,2430.25,0.0,-18.61,2411.64,0.0,234.82,167.21,0.0,2813.63,137.9,2645.73,30.0,-49.29,1
2023-03-09,Thursday,2578.35,0.0,-30.07,2548.28,0.0,244.25,172.69,0.0,2965.21,326.6,2638.61,0.0,-43.99,1
2023-03-10,Friday,2351.13,0.0,-24.87,2326.26,0.0,226.3,183.74,0.0,2736.31,239.7,2496.61,0.0,-37.95,1
2023-03-11,Saturday,3404.8,0.0,-21.19,3383.61,0.0,306.24,243.45,0.0,3933.29,200.15,3733.14,0.0,-59.0,1
2023-03-12,Sunday,2168.71,0.0,-2.3,2166.41,0.0,198.55,170.6,0.0,2535.63,182.95,2352.68,0.0,-46.89,1
2023-03-13,Monday,0.0,0.0,0.0,0.0,0.0,0.0,0.0,0.0,0.0,0.0,0.0,0.0,0.0,0
2023-03-14,Tuesday,2.65,0.0,-0.66,1.99,0.0,0.26,0.0,0.0,2.25,0.0,2.25,0.0,-0.1,1
2023-03-15,Wednesday,2517.33,0.0,-27.81,2489.52,0.0,216.56,176.52,0.0,2882.61,224.0,2658.61,0.0,-50.13,1
2023-03-16,Thursday,2893.2,0.0,-102.23,2790.97,0.0,268.48,172.47,0.0,3231.97,307.05,2898.86,26.06,-48.94,1
2023-03-17,Friday,2731.63,0.0,-42.45,2689.18,0.0,257.44,171.05,0.0,3117.63,192.55,2914.97,10.11,-50.91,1
2023-03-18,Saturday,3402.69,0.0,-31.12,3371.57,0.0,328.99,234.42,0.0,3935.02,405.6,3529.42,0.0,-61.73,1
2023-03-19,Sunday,2317.92,0.0,-59.5,2258.42,125.0,209.86,183.41,0.0,2776.74,294.25,2482.49,0.0,-46.67,1
2023-03-20,Monday,0.0,0.0,0.0,0.0,0.0,0.0,0.0,0.0,0.0,0.0,0.0,0.0,0.0,0
2023-03-21,Tuesday,0.0,0.0,0.0,0.0,0.0,0.0,0.0,0.0,0.0,0.0,0.0,0.0,0.0,0
2023-03-22,Wednesday,2504.36,0.0,-23.35,2481.01,0.0,215.23,152.3,0.0,2848.57,251.2,2597.37,0.0,-39.66,1
2023-03-23,Thursday,2176.08,0.0,-33.42,2142.66,25.0,192.66,142.9,0.0,2503.31,348.15,2155.16,0.0,-40.52,1
2023-03-24,Friday,2361.24,0.0,-14.95,2346.29,0.0,209.15,176.04,0.0,2731.55,117.75,2613.8,0.0,-44.5,1
2023-03-25,Saturday,3046.39,0.0,-33.59,3012.8,0.0,274.69,167.73,0.0,3455.22,344.45,3110.77,0.0,-56.3,1
2023-03-26,Sunday,2923.65,0.0,-168.84,2754.81,0.0,284.15,179.71,0.0,3218.75,188.2,3010.55,20.0,-48.13,1
2023-03-27,Monday,24.65,0.0,-6.16,18.49,0.0,2.4,0.0,0.0,20.89,0.0,20.89,0.0,-0.1,1
2023-03-28,Tuesday,0.0,0.0,0.0,0.0,0.0,0.0,0.0,0.0,0.0,0.0,0.0,0.0,0.0,0
2023-03-29,Wednesday,2319.84,0.0,-68.93,2250.91,0.0,189.1,151.24,0.0,2591.28,135.6,2455.68,0.0,-44.16,1
2023-03-30,Thursday,2497.32,0.0,-50.44,2446.88,0.0,245.65,178.97,0.0,2871.59,239.65,2631.94,0.0,-44.73,1
2023-03-31,Friday,2493.76,0.0,-49.43,2444.33,75.0,240.87,192.43,0.0,2952.64,180.9,2771.74,0.0,-41.47,1
2023-04-01,Saturday,4336.97,0.0,-44.97,4292.0,100.0,358.14,286.75,0.0,5036.98,261.35,4775.63,0.0,-83.54,1
2023-04-02,Sunday,3032.0,0.0,-31.55,3000.45,0.0,294.71,207.76,0.0,3502.91,118.65,3384.26,0.0,-57.5,1
2023-04-03,Monday,0.0,0.0,0.0,0.0,0.0,0.0,0.0,0.0,0.0,0.0,0.0,0.0,0.0,0
2023-04-04,Tuesday,0.0,0.0,0.0,0.0,0.0,0.0,0.0,0.0,0.0,0.0,0.0,0.0,0.0,0
2023-04-05,Wednesday,2107.3,0.0,-44.34,2062.96,0.0,177.88,85.19,0.0,2326.09,357.0,1969.09,0.0,-38.09,1
2023-04-06,Thursday,4131.11,0.0,-106.04,4025.07,50.0,366.68,271.75,0.0,4713.42,505.25,4178.17,30.0,-67.46,1
2023-04-07,Friday,5077.69,0.0,-34.74,5042.95,0.0,413.72,369.53,0.0,5826.26,290.0,5453.18,83.08,-82.37,1
2023-04-08,Saturday,4303.98,0.0,-33.32,4270.66,0.0,392.44,330.59,0.0,4993.7,566.15,4412.15,15.4,-66.44,1
2023-04-09,Sunday,780.63,0.0,-4.85,775.78,0.0,68.19,83.56,0.0,927.55,39.5,888.05,0.0,-17.63,1
2023-04-10,Monday,0.0,0.0,0.0,0.0,0.0,0.0,0.0,0.0,0.0,0.0,0.0,0.0,0.0,0
2023-04-11,Tuesday,0.0,0.0,0.0,0.0,0.0,0.0,0.0,0.0,0.0,0.0,0.0,0.0,0.0,0
2023-04-12,Wednesday,2113.59,0.0,-38.18,2075.41,0.0,216.13,150.43,0.0,2442.01,240.65,2201.36,0.0,-43.06,1
2023-04-13,Thursday,2858.14,0.0,-22.87,2835.27,0.0,259.6,216.35,0.0,3311.34,366.55,2937.29,7.5,-44.72,1
2023-04-14,Friday,2738.26,0.0,-25.14,2713.12,75.0,247.72,195.56,0.0,3231.52,301.6,2929.92,0.0,-51.74,1
2023-04-15,Saturday,3724.72,0.0,-34.26,3690.46,100.0,374.23,308.61,0.0,4473.39,206.3,4267.09,0.0,-71.29,1
2023-04-16,Sunday,3266.31,0.0,-21.06,3245.25,0.0,322.6,276.01,0.0,3843.99,356.05,3472.54,15.4,-55.94,1
2023-04-17,Monday,4.0,0.0,-1.0,3.0,0.0,0.15,0.0,0.0,3.15,3.15,0.0,0.0,0.0,1
2023-04-18,Tuesday,0.0,0.0,0.0,0.0,0.0,0.0,0.0,0.0,0.0,0.0,0.0,0.0,0.0,0
2023-04-19,Wednesday,2342.52,0.0,-39.28,2303.24,20.0,244.84,174.84,0.0,2742.98,319.95,2423.03,0.0,-43.42,1
2023-04-20,Thursday,2953.83,0.0,-23.32,2930.51,0.0,283.4,214.94,0.0,3428.95,344.3,3084.65,0.0,-52.89,1
2023-04-21,Friday,3159.59,0.0,-37.5,3122.09,0.0,302.37,254.07,0.0,3678.52,233.7,3444.82,0.0,-55.58,1
2023-04-22,Saturday,4093.0,0.0,-27.78,4065.22,0.0,374.36,323.88,0.0,4763.53,342.5,4388.54,32.49,-65.61,1
2023-04-23,Sunday,2974.9,0.0,-16.83,2958.07,25.0,277.44,240.0,0.0,3500.55,292.55,3208.0,0.0,-53.22,1
2023-04-24,Monday,0.0,0.0,0.0,0.0,0.0,0.0,0.0,0.0,0.0,0.0,0.0,0.0,0.0,0
2023-04-25,Tuesday,460.86,0.0,-10.22,450.64,0.0,0.0,0.0,0.0,450.64,0.0,450.64,0.0,-14.27,1
2023-04-26,Wednesday,2660.75,0.0,-30.77,2629.98,50.0,243.52,197.82,0.0,3121.33,295.5,2805.83,20.0,-48.64,1
2023-04-27,Thursday,3067.12,0.0,-13.69,3053.43,100.0,303.8,191.06,0.0,3648.45,525.05,3123.4,0.0,-55.25,1
2023-04-28,Friday,3927.23,0.0,-36.83,3890.4,0.0,337.06,286.86,0.0,4514.41,373.0,4141.41,0.0,-74.02,1
2023-04-29,Saturday,3667.42,0.0,-25.87,3641.55,75.0,331.7,296.56,0.0,4344.92,258.75,4068.17,18.0,-68.62,1
2023-04-30,Sunday,2317.25,-46.0,-29.72,2241.53,0.0,207.23,153.35,0.0,2602.2,419.65,2157.55,25.0,-35.11,1
2023-05-01,Monday,2.65,0.0,-0.66,1.99,0.0,0.26,0.0,0.0,2.25,0.0,2.25,0.0,-0.1,1
2023-05-02,Tuesday,0.0,0.0,0.0,0.0,0.0,0.0,0.0,0.0,0.0,0.0,0.0,0.0,0.0,0
2023-05-03,Wednesday,2497.52,0.0,-17.29,2480.23,0.0,214.86,148.59,0.0,2843.68,177.45,2666.23,0.0,-50.59,1
2023-05-04,Thursday,2276.74,-23.0,-19.63,2234.11,0.0,212.56,150.75,0.0,2597.5,183.55,2406.49,7.46,-42.23,1
2023-05-05,Friday,3375.82,0.0,-26.94,3348.88,50.0,338.49,238.15,0.0,3975.63,542.5,3433.13,0.0,-59.21,1
2023-05-06,Saturday,4023.25,0.0,-47.85,3975.4,50.0,403.64,316.68,0.0,4745.69,388.85,4356.84,0.0,-71.02,1
2023-05-07,Sunday,2863.74,0.0,-15.09,2848.65,0.0,278.23,247.38,0.0,3374.28,153.7,3174.51,46.07,-60.67,1
2023-05-08,Monday,0.0,0.0,0.0,0.0,0.0,0.0,0.0,0.0,0.0,0.0,0.0,0.0,0.0,0
2023-05-09,Tuesday,0.0,0.0,0.0,0.0,0.0,0.0,0.0,0.0,0.0,0.0,0.0,0.0,0.0,0
2023-05-10,Wednesday,2620.98,0.0,-50.43,2570.55,0.0,258.09,195.41,0.0,3024.16,383.1,2641.06,0.0,-39.67,1
2023-05-11,Thursday,3037.17,0.0,-34.03,3003.14,0.0,317.66,186.5,0.0,3507.36,347.9,3094.77,64.69,-52.7,1
2023-05-12,Friday,4112.52,-6.0,-59.49,4047.03,40.0,401.72,293.59,0.0,4782.42,546.0,4204.1,32.32,-76.22,1
2023-05-13,Saturday,4694.71,0.0,-30.49,4664.22,0.0,443.9,345.1,0.0,5453.26,299.45,5153.81,0.0,-95.75,1
2023-05-14,Sunday,3891.55,0.0,-52.26,3839.29,0.0,381.59,315.01,0.0,4535.85,144.25,4391.6,0.0,-82.86,1
2023-05-15,Monday,1292.74,-4.75,-51.18,1236.81,0.0,130.78,121.54,0.0,1489.03,142.55,1346.48,0.0,-26.16,1
2023-05-16,Tuesday,360.0,0.0,0.0,360.0,0.0,0.0,0.0,0.0,360.0,0.0,360.0,0.0,-11.35,1
2023-05-17,Wednesday,2636.42,0.0,-62.3,2574.12,0.0,265.09,210.04,0.0,3049.32,242.35,2806.97,0.0,-53.09,1
2023-05-18,Thursday,2558.77,0.0,-35.7,2523.07,0.0,249.81,194.92,0.0,2967.85,295.85,2672.0,0.0,-44.9,1
2023-05-19,Friday,3373.99,0.0,-17.23,3356.76,0.0,352.05,225.56,0.0,3934.45,197.1,3737.35,0.0,-65.6,1
2023-05-20,Saturday,4282.54,0.0,-21.57,4260.97,50.0,388.95,290.67,0.0,4990.59,366.25,4624.34,0.0,-72.33,1
2023-05-21,Sunday,3447.61,-31.75,-30.03,3385.83,0.0,335.12,283.49,0.0,4004.48,352.05,3612.96,39.47,-65.38,1
2023-05-22,Monday,0.0,0.0,0.0,0.0,0.0,0.0,0.0,0.0,0.0,0.0,0.0,0.0,0.0,0
2023-05-23,Tuesday,288.0,0.0,0.0,288.0,0.0,0.0,0.0,0.0,288.0,0.0,288.0,0.0,-8.95,1
2023-05-24,Wednesday,3095.14,0.0,-36.48,3058.66,0.0,310.5,206.18,0.0,3575.35,287.5,3287.85,0.0,-54.25,1
2023-05-25,Thursday,3188.19,0.0,-27.4,3160.79,100.0,331.06,233.14,0.0,3825.02,617.15,3207.87,0.0,-48.5,1
2023-05-26,Friday,3302.86,0.0,-61.94,3240.92,0.0,363.26,259.53,0.0,3863.87,314.35,3532.21,17.31,-60.67,1
2023-05-27,Saturday,5316.28,0.0,-38.67,5277.61,0.0,502.94,302.21,0.0,6082.73,803.3,5231.13,48.3,-91.6,1
2023-05-28,Sunday,2831.14,0.0,-29.4,2801.74,0.0,286.61,247.37,0.0,3335.74,168.35,3167.39,0.0,-48.45,1
2023-05-29,Monday,1408.76,0.0,-16.72,1392.04,0.0,143.12,99.11,0.0,1634.17,180.3,1453.87,0.0,-23.46,1
2023-05-30,Tuesday,86.0,0.0,0.0,86.0,0.0,0.0,15.48,0.0,101.48,0.0,101.48,0.0,-0.1,1
2023-05-31,Wednesday,2534.6,0.0,-38.11,2496.49,16.9,263.56,204.8,0.0,2981.7,274.8,2705.2,1.7,-45.74,1
2023-06-01,Thursday,2508.26,0.0,-24.31,2483.95,50.0,263.51,177.34,0.0,2974.76,178.8,2778.28,17.68,-44.37,1
2023-06-02,Friday,3379.93,0.0,-19.48,3360.45,0.0,327.97,289.89,0.0,3978.34,228.85,3736.9,12.59,-70.09,1
2023-06-03,Saturday,4959.21,0.0,-43.46,4915.75,0.0,462.06,300.29,0.0,5678.16,484.1,5194.06,0.0,-94.38,1
2023-06-04,Sunday,3366.78,0.0,-5.24,3361.54,100.0,332.07,243.32,0.0,4036.98,272.45,3744.53,20.0,-74.41,1
2023-06-05,Monday,0.0,0.0,0.0,0.0,0.0,0.0,0.0,0.0,0.0,0.0,0.0,0.0,0.0,0
2023-06-06,Tuesday,0.0,0.0,0.0,0.0,0.0,0.0,0.0,0.0,0.0,0.0,0.0,0.0,0.0,0
2023-06-07,Wednesday,2504.88,0.0,-31.55,2473.33,0.0,254.2,180.83,0.0,2908.31,364.75,2543.56,0.0,-40.13,1
2023-06-08,Thursday,3003.35,0.0,-103.91,2899.44,0.0,274.39,175.23,0.0,3349.21,216.85,3123.3,9.06,-54.51,1
2023-06-09,Friday,3560.94,-30.0,-45.89,3485.05,0.0,279.74,212.68,0.0,3977.51,341.25,3595.59,40.67,-65.04,1
2023-06-10,Saturday,5094.14,0.0,-26.1,5068.04,0.0,470.04,342.09,0.0,5880.23,548.95,5319.66,11.62,-97.09,1
2023-06-11,Sunday,2943.79,0.0,-25.23,2918.56,50.0,304.22,253.41,0.0,3526.39,435.85,3083.86,6.68,-56.77,1
2023-06-12,Monday,1235.0,0.0,0.0,1235.0,0.0,160.55,0.0,0.0,1395.55,0.0,1395.55,0.0,-40.77,1
2023-06-13,Tuesday,0.0,0.0,0.0,0.0,0.0,0.0,0.0,0.0,0.0,0.0,0.0,0.0,0.0,0
2023-06-14,Wednesday,2913.31,0.0,-24.01,2889.3,0.0,284.93,176.11,0.0,3350.37,362.55,2987.82,0.0,-56.46,1
2023-06-15,Thursday,3138.36,0.0,-160.58,2977.78,0.0,312.4,242.87,0.0,3532.99,391.7,3141.29,0.0,-53.16,1
2023-06-16,Friday,3726.41,0.0,-38.1,3688.31,0.0,370.14,250.1,0.0,4308.62,462.6,3846.02,0.0,-60.03,1
2023-06-17,Saturday,5427.34,0.0,-38.13,5389.21,65.0,546.47,366.55,0.0,6367.15,756.7,5607.8,2.65,-100.14,1
2023-06-18,Sunday,3172.89,0.0,-21.8,3151.09,30.0,317.97,321.28,0.0,3820.36,125.0,3673.89,21.47,-62.36,1
2023-06-19,Monday,0.0,0.0,0.0,0.0,0.0,0.0,0.0,0.0,0.0,0.0,0.0,0.0,0.0,0
2023-06-20,Tuesday,500.0,0.0,0.0,500.0,0.0,65.0,0.0,0.0,565.0,0.0,565.0,0.0,-16.69,1
2023-06-21,Wednesday,2862.95,-28.0,-127.3,2707.65,0.0,297.59,246.06,0.0,3251.43,299.25,2952.18,0.0,-47.69,1
2023-06-22,Thursday,3052.68,-6.25,-31.85,3014.58,0.0,313.65,214.21,0.0,3542.48,300.35,3195.99,46.14,-60.41,1
2023-06-23,Friday,3044.81,0.0,-15.92,3028.89,190.0,296.43,218.29,0.0,3733.63,225.9,3464.85,42.88,-65.81,1
2023-06-24,Saturday,4703.25,0.0,-44.44,4658.81,0.0,418.29,268.95,0.0,5346.13,581.4,4734.15,30.58,-81.74,1
2023-06-25,Sunday,3136.12,0.0,-29.69,3106.43,0.0,324.26,271.16,0.0,3701.85,289.45,3368.58,43.82,-59.22,1
2023-06-26,Monday,0.0,0.0,0.0,0.0,0.0,0.0,0.0,0.0,0.0,0.0,0.0,0.0,0.0,0
2023-06-27,Tuesday,0.0,0.0,0.0,0.0,0.0,0.0,0.0,0.0,0.0,0.0,0.0,0.0,0.0,0
2023-06-28,Wednesday,3315.14,0.0,-22.1,3293.04,30.0,314.16,206.59,0.0,3843.72,297.8,3545.92,0.0,-58.38,1
2023-06-29,Thursday,3115.76,0.0,-99.61,3016.15,55.0,319.02,187.91,0.0,3578.15,475.65,3102.5,0.0,-64.83,1
2023-06-30,Friday,3454.25,0.0,-9.89,3444.36,0.0,319.54,236.27,0.0,4000.16,212.45,3787.71,0.0,-60.49,1
2023-07-01,Saturday,4477.59,0.0,-20.11,4457.48,0.0,473.75,415.92,0.0,5347.19,243.95,5103.24,0.0,-81.31,1
2023-07-02,Sunday,2377.45,0.0,-24.36,2353.09,0.0,226.44,160.66,0.0,2740.31,347.65,2342.66,50.0,-42.29,1
2023-07-03,Monday,0.0,0.0,0.0,0.0,0.0,0.0,0.0,0.0,0.0,0.0,0.0,0.0,0.0,0
2023-07-04,Tuesday,0.0,0.0,0.0,0.0,0.0,0.0,0.0,0.0,0.0,0.0,0.0,0.0,0.0,0
2023-07-05,Wednesday,3223.33,-8.0,-25.29,3190.04,130.0,293.0,225.63,0.0,3838.66,173.3,3665.36,0.0,-66.77,1
2023-07-06,Thursday,2787.33,-12.0,-85.54,2689.79,0.0,244.52,220.03,0.0,3154.37,197.95,2956.42,0.0,-41.86,1
2023-07-07,Friday,3527.79,0.0,-51.66,3476.13,250.0,355.87,275.38,0.0,4357.42,260.15,4097.27,0.0,-63.47,1
2023-07-08,Saturday,4596.68,0.0,-95.18,4501.5,0.0,445.52,393.02,0.0,5340.18,211.85,5072.1,56.23,-86.26,1
2023-07-09,Sunday,2357.26,0.0,-22.97,2334.29,0.0,229.41,185.34,0.0,2749.04,255.45,2493.59,0.0,-40.79,1
2023-07-10,Monday,237.3,0.0,0.0,237.3,0.0,0.0,0.0,0.0,237.3,0.0,237.3,0.0,-7.18,1
2023-07-11,Tuesday,0.0,0.0,0.0,0.0,0.0,0.0,0.0,0.0,0.0,0.0,0.0,0.0,0.0,0
2023-07-12,Wednesday,2797.57,0.0,-16.8,2780.77,0.0,277.08,181.0,0.0,3238.83,188.75,3050.08,0.0,-53.55,1
2023-07-13,Thursday,2914.16,0.0,-60.96,2853.2,0.0,293.06,244.5,0.0,3390.8,341.65,3049.15,0.0,-50.03,1
2023-07-14,Friday,3635.78,0.0,-52.93,3582.85,0.0,365.26,304.18,0.0,4252.34,337.05,3915.29,0.0,-75.51,1
2023-07-15,Saturday,4255.58,0.0,-16.34,4239.24,0.0,385.31,295.68,0.0,4920.26,411.05,4509.21,0.0,-77.18,1
2023-07-16,Sunday,4430.42,0.0,-31.23,4399.19,0.0,481.19,343.85,0.0,5224.43,622.75,4601.68,0.0,-83.61,1
2023-07-17,Monday,0.0,0.0,0.0,0.0,0.0,0.0,0.0,0.0,0.0,0.0,0.0,0.0,0.0,0
2023-07-18,Tuesday,16.0,0.0,0.0,16.0,0.0,0.0,2.4,0.0,18.4,0.0,18.4,0.0,-0.49,1
2023-07-19,Wednesday,2879.77,0.0,-51.22,2828.55,0.0,276.41,187.41,0.0,3292.3,310.1,2962.2,20.0,-48.09,1
2023-07-20,Thursday,3015.97,0.0,-31.58,2984.39,0.0,275.75,213.11,0.0,3473.34,315.7,3124.42,33.22,-49.65,1
2023-07-21,Friday,3186.36,0.0,-24.89,3161.47,0.0,294.83,219.74,0.0,3676.03,209.2,3266.83,200.0,-56.48,1
2023-07-22,Saturday,4413.9,0.0,-56.98,4356.92,0.0,451.7,335.41,0.0,5144.03,771.65,4372.38,0.0,-76.85,1
2023-07-23,Sunday,2816.88,0.0,-19.0,2797.88,0.0,270.3,221.48,0.0,3289.7,154.45,3135.25,0.0,-53.26,1
2023-07-24,Monday,0.0,0.0,0.0,0.0,0.0,0.0,0.0,0.0,0.0,0.0,0.0,0.0,0.0,0
2023-07-25,Tuesday,0.0,0.0,0.0,0.0,0.0,0.0,0.0,0.0,0.0,0.0,0.0,0.0,0.0,0
2023-07-26,Wednesday,2351.66,0.0,-31.45,2320.21,0.0,239.25,163.05,0.0,2722.46,193.35,2529.11,0.0,-47.13,1
2023-07-27,Thursday,2429.0,0.0,-23.34,2405.66,0.0,230.75,162.73,0.0,2799.17,233.0,2545.04,21.13,-45.43,1
2023-07-28,Friday,3302.46,0.0,-32.75,3269.71,0.0,312.43,223.14,0.0,3805.29,274.45,3530.84,0.0,-58.35,1
2023-07-29,Saturday,3252.2,0.0,-62.28,3189.92,0.0,293.08,253.76,0.0,3736.74,251.9,3446.7,38.14,-53.64,1
2023-07-30,Sunday,3583.66,0.0,-30.74,3552.92,0.0,373.35,270.08,0.0,4196.31,443.0,3753.31,0.0,-61.72,1
2023-07-31,Monday,159.0,0.0,0.0,159.0,0.0,0.0,0.0,0.0,159.0,0.0,159.0,0.0,-4.91,1
2023-08-01,Tuesday,0.0,0.0,0.0,0.0,0.0,0.0,0.0,0.0,0.0,0.0,0.0,0.0,0.0,0
2023-08-02,Wednesday,3050.72,0.0,-23.85,3026.87,0.0,308.32,228.31,0.0,3563.61,194.8,3368.81,0.0,-60.68,1
2023-08-03,Thursday,2993.18,0.0,-57.13,2936.05,0.0,312.78,212.85,0.0,3461.75,371.0,3090.75,0.0,-49.04,1
2023-08-04,Friday,3582.87,0.0,-26.9,3555.97,50.0,318.72,268.82,0.0,4193.64,315.65,3877.99,0.0,-68.7,1
2023-08-05,Saturday,4129.72,0.0,-19.59,4110.13,0.0,400.0,320.62,0.0,4830.88,481.35,4310.9,38.63,-71.02,1
2023-08-06,Sunday,2896.43,0.0,-38.74,2857.69,0.0,295.63,238.25,0.0,3391.6,226.5,3153.8,11.3,-53.92,1
2023-08-07,Monday,25.5,0.0,0.0,25.5,0.0,0.0,0.0,0.0,25.5,0.0,25.5,0.0,-1.04,1
2023-08-08,Tuesday,0.0,0.0,0.0,0.0,0.0,0.0,0.0,0.0,0.0,0.0,0.0,0.0,0.0,0
2023-08-09,Wednesday,2943.29,0.0,-20.77,2922.52,0.0,315.54,190.32,0.0,3428.55,286.3,3142.25,0.0,-59.99,1
2023-08-10,Thursday,2663.47,0.0,-38.21,2625.26,0.0,248.72,192.25,0.0,3066.32,265.95,2800.37,0.0,-46.34,1
2023-08-11,Friday,3980.24,0.0,-19.24,3961.0,75.0,322.63,238.11,0.0,4596.77,164.75,4432.02,0.0,-85.56,1
2023-08-12,Saturday,3558.44,0.0,-63.54,3494.9,50.0,319.58,279.65,0.0,4144.14,403.85,3740.29,0.0,-66.32,1
2023-08-13,Sunday,2746.34,0.0,-17.81,2728.53,0.0,257.32,234.99,0.0,3220.83,119.9,3075.93,25.0,-55.23,1
2023-08-14,Monday,0.0,0.0,0.0,0.0,0.0,0.0,0.0,0.0,0.0,0.0,0.0,0.0,0.0,0
2023-08-15,Tuesday,0.0,0.0,0.0,0.0,0.0,0.0,0.0,0.0,0.0,0.0,0.0,0.0,0.0,0
2023-08-16,Wednesday,4037.25,0.0,-86.68,3950.57,0.0,292.2,235.14,0.0,4477.97,451.05,4026.92,0.0,-78.45,1
2023-08-17,Thursday,3100.99,0.0,-29.76,3071.23,0.0,297.62,181.27,0.0,3550.27,381.0,3169.27,0.0,-58.66,1
2023-08-18,Friday,3192.78,0.0,-47.25,3145.53,110.0,317.77,270.28,0.0,3843.75,373.1,3444.65,26.0,-67.13,1
2023-08-19,Saturday,4138.88,0.0,-61.01,4077.87,0.0,396.54,316.0,0.0,4790.4,376.7,4394.39,19.31,-68.24,1
2023-08-20,Sunday,4623.17,-4.95,-31.62,4586.6,0.0,461.98,422.95,0.0,5471.48,387.65,5083.83,0.0,-86.99,1
2023-08-21,Monday,0.0,0.0,0.0,0.0,0.0,0.0,0.0,0.0,0.0,0.0,0.0,0.0,0.0,0
2023-08-22,Tuesday,0.0,0.0,0.0,0.0,0.0,0.0,0.0,0.0,0.0,0.0,0.0,0.0,0.0,0
2023-08-23,Wednesday,3067.36,0.0,-40.73,3026.63,0.0,285.26,186.97,0.0,3498.97,308.1,3190.87,0.0,-58.93,1
2023-08-24,Thursday,2636.39,0.0,-17.52,2618.87,0.0,263.85,182.35,0.0,3065.06,347.95,2657.11,60.0,-41.83,1
2023-08-25,Friday,4183.41,0.0,-28.79,4154.62,0.0,382.87,260.36,0.0,4797.85,451.7,4242.06,104.09,-79.58,1
2023-08-26,Saturday,4493.82,-52.8,-37.59,4403.43,0.0,400.41,294.11,0.0,5097.93,323.15,4774.78,0.0,-95.7,1
2023-08-27,Sunday,3350.03,0.0,-47.34,3302.69,0.0,318.37,260.02,0.0,3881.1,267.7,3569.25,44.15,-58.62,1
2023-08-28,Monday,0.0,0.0,0.0,0.0,0.0,0.0,0.0,0.0,0.0,0.0,0.0,0.0,0.0,0
2023-08-29,Tuesday,0.0,0.0,0.0,0.0,0.0,0.0,0.0,0.0,0.0,0.0,0.0,0.0,0.0,0
2023-08-30,Wednesday,2414.15,0.0,-44.1,2370.05,0.0,235.31,163.82,0.0,2769.28,308.35,2456.31,4.62,-47.28,1
2023-08-31,Thursday,3180.66,0.0,-22.11,3158.55,0.0,308.65,201.35,0.0,3668.53,254.75,3413.78,0.0,-57.2,1
2023-09-01,Friday,4107.99,0.0,-76.25,4031.74,0.0,375.7,241.33,0.0,4648.74,424.9,4219.22,4.62,-73.22,1
2023-09-02,Saturday,4075.9,0.0,-54.32,4021.58,0.0,400.13,261.88,0.0,4683.57,316.65,4362.3,4.62,-77.33,1
2023-09-03,Sunday,4132.97,0.0,-27.07,4105.9,0.0,396.33,302.87,0.0,4805.07,426.8,4378.27,0.0,-70.6,1
2023-09-04,Monday,0.0,0.0,0.0,0.0,0.0,0.0,0.0,0.0,0.0,0.0,0.0,0.0,0.0,0
2023-09-05,Tuesday,0.0,0.0,0.0,0.0,0.0,0.0,0.0,0.0,0.0,0.0,0.0,0.0,0.0,0
2023-09-06,Wednesday,2853.35,0.0,-44.49,2808.86,0.0,268.16,201.94,0.0,3278.96,383.65,2895.31,0.0,-52.79,1
2023-09-07,Thursday,2068.88,0.0,-27.47,2041.41,0.0,219.32,184.59,0.0,2445.32,231.05,2209.65,4.62,-36.71,1
2023-09-08,Friday,2932.51,0.0,-53.68,2878.83,20.0,258.15,150.08,-2.0,3304.97,309.15,2995.82,0.0,-54.42,1
2023-09-09,Saturday,4164.32,0.0,-61.22,4103.1,20.0,377.27,286.54,0.0,4786.84,313.45,4473.39,0.0,-76.38,1
2023-09-10,Sunday,3594.89,0.0,-141.53,3453.36,30.0,331.8,283.41,0.0,4098.58,326.85,3743.14,28.59,-59.18,1
2023-09-11,Monday,0.0,0.0,0.0,0.0,0.0,0.0,0.0,0.0,0.0,0.0,0.0,0.0,0.0,0
2023-09-12,Tuesday,0.0,0.0,0.0,0.0,0.0,0.0,0.0,0.0,0.0,0.0,0.0,0.0,0.0,0
2023-09-13,Wednesday,3139.25,0.0,-48.4,3090.85,0.0,309.02,213.54,0.0,3613.4,399.75,3199.79,13.86,-56.35,1
2023-09-14,Thursday,3253.64,0.0,-48.42,3205.22,0.0,334.2,194.6,0.0,3734.11,488.0,3246.11,0.0,-63.11,1
2023-09-15,Friday,3632.1,0.0,-49.3,3582.8,100.0,348.88,232.07,0.0,4263.74,340.15,3923.59,0.0,-64.94,1
2023-09-16,Saturday,5155.68,0.0,-94.63,5061.05,0.0,499.37,352.27,0.0,5912.64,448.2,5464.44,0.0,-88.99,1
2023-09-17,Sunday,5310.74,-13.0,-38.42,5259.32,0.0,590.75,445.85,0.0,6295.88,675.25,5605.9,14.73,-102.56,1
2023-09-18,Monday,0.0,0.0,0.0,0.0,0.0,0.0,0.0,0.0,0.0,0.0,0.0,0.0,0.0,0
2023-09-19,Tuesday,0.0,0.0,0.0,0.0,0.0,0.0,0.0,0.0,0.0,0.0,0.0,0.0,0.0,0
2023-09-20,Wednesday,3160.41,0.0,-55.62,3104.79,0.0,294.43,234.77,0.0,3633.93,343.5,3290.43,0.0,-64.45,1
2023-09-21,Thursday,2921.83,0.0,-35.27,2886.56,100.0,291.06,197.05,0.0,3474.75,358.15,3116.6,0.0,-57.72,1
2023-09-22,Friday,3628.89,0.0,-50.93,3577.96,0.0,332.48,244.46,0.0,4154.92,528.15,3621.65,5.12,-72.42,1
2023-09-23,Saturday,4401.65,0.0,-49.53,4352.12,25.0,437.97,339.4,0.0,5154.46,468.7,4674.74,11.02,-87.56,1
2023-09-24,Sunday,3721.72,0.0,-19.63,3702.09,0.0,407.11,277.44,0.0,4386.72,481.7,3905.02,0.0,-79.33,1
2023-09-25,Monday,0.0,0.0,0.0,0.0,0.0,0.0,0.0,0.0,0.0,0.0,0.0,0.0,0.0,0
2023-09-26,Tuesday,0.0,0.0,0.0,0.0,0.0,0.0,0.0,0.0,0.0,0.0,0.0,0.0,0.0,0
2023-09-27,Wednesday,3333.12,0.0,-29.9,3303.22,50.0,309.97,178.07,0.0,3841.24,306.8,3534.44,0.0,-78.22,1
2023-09-28,Thursday,4145.17,-7.0,-12.33,4125.84,40.0,356.6,181.22,0.0,4703.66,584.45,4069.49,49.72,-103.16,1
2023-09-29,Friday,4568.94,0.0,-62.37,4506.57,32.0,470.29,351.14,0.0,5360.05,413.2,4918.05,28.8,-93.32,1
2023-09-30,Saturday,5100.43,0.0,-53.55,5046.88,0.0,476.56,317.49,0.0,5840.9,424.5,5416.4,0.0,-114.5,1
2023-10-01,Sunday,3797.13,0.0,-53.03,3744.1,0.0,403.65,258.85,0.0,4406.63,518.85,3887.78,0.0,-79.15,1
2023-10-02,Monday,660.0,0.0,0.0,660.0,0.0,0.0,0.0,0.0,660.0,0.0,660.0,0.0,-23.36,1
2023-10-03,Tuesday,2127.08,0.0,-68.49,2058.59,0.0,199.3,152.35,0.0,2410.29,237.45,2172.84,0.0,-45.41,1
2023-10-04,Wednesday,3115.82,0.0,-36.1,3079.72,150.0,308.3,184.57,0.0,3722.62,460.85,3261.77,0.0,-69.26,1
2023-10-05,Thursday,3369.66,0.0,-49.31,3320.35,0.0,352.44,207.86,0.0,3880.7,530.95,3345.57,4.18,-70.09,1
2023-10-06,Friday,4309.41,0.0,-44.76,4264.65,20.0,432.09,271.6,0.0,4988.39,685.7,4288.0,14.69,-85.3,1
2023-10-07,Saturday,4979.01,0.0,-125.65,4853.36,0.0,458.2,323.99,0.0,5635.45,404.15,5231.3,0.0,-97.74,1
2023-10-08,Sunday,1196.17,0.0,-7.5,1188.67,0.0,90.45,69.59,0.0,1348.74,38.5,1310.24,0.0,-28.88,1
2023-10-09,Monday,115.2,0.0,0.0,115.2,0.0,0.0,0.0,0.0,115.2,0.0,115.2,0.0,-4.07,1
2023-10-10,Tuesday,2093.23,0.0,-21.04,2072.19,0.0,201.83,178.41,0.0,2452.48,168.85,2283.63,0.0,-44.33,1
2023-10-11,Wednesday,3048.8,0.0,-331.75,2717.05,0.0,266.23,172.81,0.0,3156.1,399.45,2756.65,0.0,-52.09,1
2023-10-12,Thursday,3672.51,0.0,-60.93,3611.58,20.0,358.81,216.6,0.0,4206.99,477.2,3729.79,0.0,-76.02,1
2023-10-13,Friday,3656.25,0.0,-157.97,3498.28,25.0,364.51,247.65,0.0,4135.45,358.5,3642.26,134.69,-73.54,1
2023-10-14,Saturday,4281.76,0.0,-76.78,4204.98,50.0,424.55,298.87,0.0,4978.5,479.75,4442.51,56.24,-92.91,1
2023-10-15,Sunday,3244.04,0.0,-16.68,3227.36,0.0,333.97,311.21,0.0,3872.63,185.2,3687.43,0.0,-74.11,1
2023-10-16,Monday,115.2,0.0,0.0,115.2,0.0,0.0,0.0,0.0,115.2,0.0,115.2,0.0,-4.07,1
2023-10-17,Tuesday,2654.42,0.0,-69.32,2585.1,0.0,257.49,164.51,0.0,3007.19,460.45,2505.25,41.49,-51.26,1
2023-10-18,Wednesday,2899.12,0.0,-28.58,2870.54,0.0,292.79,210.31,0.0,3373.7,336.65,3037.05,0.0,-54.05,1
2023-10-19,Thursday,2903.1,0.0,-72.98,2830.12,0.0,281.81,189.0,0.0,3301.01,377.45,2902.15,21.41,-57.25,1
2023-10-20,Friday,3523.3,0.0,-32.65,3490.65,0.0,337.3,263.91,0.0,4091.93,427.95,3604.31,59.67,-70.32,1
2023-10-21,Saturday,5183.4,0.0,-107.32,5076.08,0.0,488.59,351.18,0.0,5915.89,313.55,5602.34,0.0,-109.46,1
2023-10-22,Sunday,3517.71,0.0,-37.49,3480.22,0.0,352.32,232.72,0.0,4065.44,379.8,3635.64,50.0,-70.22,1
2023-10-23,Monday,2297.43,0.0,-106.65,2190.78,0.0,197.21,152.76,0.0,2540.67,183.1,2347.26,10.31,-51.57,1
2023-10-24,Tuesday,2307.0,0.0,-121.4,2185.6,0.0,231.34,141.78,0.0,2558.78,332.35,2226.43,0.0,-44.34,1
2023-10-25,Wednesday,3026.03,0.0,-14.29,3011.74,0.0,293.26,187.37,0.0,3492.45,373.6,3093.85,25.0,-59.89,1
2023-10-26,Thursday,3215.01,0.0,-50.95,3164.06,0.0,326.71,244.12,0.0,3734.91,304.1,3430.81,0.0,-64.18,1
2023-10-27,Friday,3844.18,0.0,-44.53,3799.65,0.0,391.89,280.03,0.0,4471.65,465.15,4006.5,0.0,-81.75,1
2023-10-28,Saturday,5679.41,0.0,-86.72,5592.69,0.0,564.11,453.68,-30.0,6580.4,591.25,5989.15,0.0,-123.65,1
2023-10-29,Sunday,3235.27,-3.25,-32.05,3199.97,0.0,313.4,261.94,0.0,3775.32,78.95,3655.51,40.86,-75.23,1
2023-10-30,Monday,1678.98,0.0,-121.85,1557.13,0.0,156.14,124.89,0.0,1838.2,149.75,1659.59,28.86,-30.83,1
2023-10-31,Tuesday,3755.21,0.0,-238.2,3517.01,0.0,231.29,171.11,0.0,3919.26,364.15,3529.32,25.79,-83.25,1
2023-11-01,Wednesday,2745.86,0.0,-161.2,2584.66,0.0,266.54,186.2,0.0,3037.56,308.05,2729.51,0.0,-53.59,1
2023-11-02,Thursday,3710.23,0.0,-21.35,3688.88,0.0,372.91,253.41,0.0,4315.23,329.2,3986.03,0.0,-76.34,1
2023-11-03,Friday,4292.02,0.0,-50.57,4241.45,0.0,331.96,229.09,0.0,4802.56,291.85,4474.33,36.38,-99.59,1
2023-11-04,Saturday,5728.86,0.0,-52.83,5676.03,25.0,583.7,454.62,0.0,6739.44,536.55,6175.76,27.13,-127.93,1
2023-11-05,Sunday,3950.83,0.0,-33.9,3916.93,30.0,353.07,318.08,0.0,4618.16,246.65,4371.51,0.0,-89.44,1
2023-11-06,Monday,1585.65,0.0,-130.94,1454.71,0.0,154.73,102.29,0.0,1711.75,212.55,1472.76,26.44,-30.19,1
2023-11-07,Tuesday,2458.41,0.0,-204.76,2253.65,0.0,219.01,192.25,0.0,2664.9,190.35,2474.55,0.0,-42.64,1
2023-11-08,Wednesday,3595.5,0.0,-41.72,3553.78,160.0,306.92,245.92,0.0,4266.68,260.35,4006.33,0.0,-90.79,1
2023-11-09,Thursday,3026.64,0.0,-41.67,2984.97,75.0,291.56,198.14,0.0,3549.68,306.05,3243.63,0.0,-60.69,1
2023-11-10,Friday,4446.07,0.0,-41.13,4404.94,25.0,366.55,292.23,0.0,5088.7,334.9,4753.8,0.0,-105.69,1
2023-11-11,Saturday,5573.94,0.0,-63.55,5510.39,0.0,531.94,387.04,0.0,6429.31,440.2,5848.31,140.8,-116.23,1
2023-11-12,Sunday,4426.44,0.0,-20.46,4405.98,100.0,412.56,336.55,0.0,5255.15,535.85,4719.3,0.0,-95.02,1
2023-11-13,Monday,2818.54,0.0,-163.01,2655.53,150.0,261.91,188.13,0.0,3255.55,327.65,2927.9,0.0,-57.78,1
2023-11-14,Tuesday,2482.91,0.0,-152.9,2330.01,0.0,243.46,166.77,0.0,2740.09,194.5,2545.59,0.0,-54.23,1
2023-11-15,Wednesday,3201.58,0.0,-21.78,3179.8,100.0,299.03,180.79,0.0,3759.62,439.35,3320.27,0.0,-71.17,1
2023-11-16,Thursday,3579.39,-4.25,-55.98,3519.16,20.0,359.33,248.35,0.0,4146.89,515.9,3630.99,0.0,-73.92,1
2023-11-17,Friday,4000.23,0.0,-33.91,3966.32,0.0,425.96,277.6,0.0,4669.98,446.4,4223.58,0.0,-88.81,1
2023-11-18,Saturday,5800.57,0.0,-51.75,5748.82,40.0,544.06,372.12,0.0,6704.93,408.7,6296.23,0.0,-126.7,1
2023-11-19,Sunday,3311.62,0.0,-26.39,3285.23,0.0,334.43,246.76,0.0,3866.34,248.8,3617.54,0.0,-73.96,1
2023-11-20,Monday,0.0,0.0,0.0,0.0,0.0,0.0,0.0,0.0,0.0,0.0,0.0,0.0,0.0,0
2023-11-21,Tuesday,2235.7,0.0,-141.3,2094.4,0.0,200.68,156.68,0.0,2451.69,210.65,2241.04,0.0,-47.02,1
2023-11-22,Wednesday,2880.8,0.0,-53.23,2827.57,0.0,264.64,172.07,0.0,3264.38,253.85,2996.91,13.62,-64.5,1
2023-11-23,Thursday,3490.69,0.0,-20.04,3470.65,50.0,365.18,236.24,0.0,4122.06,298.9,3823.16,0.0,-78.02,1
2023-11-24,Friday,5364.85,0.0,-44.87,5319.98,100.0,502.45,315.75,0.0,6238.17,445.7,5792.47,0.0,-126.63,1
2023-11-25,Saturday,5181.47,0.0,-47.81,5133.66,0.0,501.31,432.53,0.0,6067.49,296.9,5770.59,0.0,-120.54,1
2023-11-26,Sunday,3765.47,0.0,-53.6,3711.87,0.0,383.82,268.25,0.0,4363.85,510.4,3814.93,38.52,-77.8,1
2023-11-27,Monday,2368.67,0.0,-186.67,2182.0,0.0,203.11,138.98,0.0,2523.96,294.1,2229.86,0.0,-44.61,1
2023-11-28,Tuesday,2435.63,-6.0,-178.17,2251.46,0.0,200.81,149.4,0.0,2601.54,318.2,2283.34,0.0,-49.37,1
2023-11-29,Wednesday,2919.2,0.0,-133.79,2785.41,0.0,286.91,196.0,0.0,3268.41,335.0,2933.41,0.0,-57.18,1
2023-11-30,Thursday,3180.13,-1.0,-38.59,3140.54,0.0,320.1,235.44,0.0,3695.97,470.85,3225.12,0.0,-64.33,1
2023-12-01,Friday,3494.59,0.0,-43.29,3451.3,0.0,331.62,256.45,0.0,4039.38,145.2,3884.33,9.85,-79.57,1
2023-12-02,Saturday,5351.26,0.0,-64.63,5286.63,0.0,502.43,400.59,0.0,6189.67,547.45,5642.22,0.0,-109.15,1
2023-12-03,Sunday,3729.33,0.0,-66.5,3662.83,0.0,342.35,271.97,0.0,4277.21,193.65,4083.56,0.0,-80.45,1
2023-12-04,Monday,2073.55,0.0,-43.48,2030.07,0.0,213.69,152.08,0.0,2395.89,155.45,2177.21,63.23,-47.51,1
2023-12-05,Tuesday,2438.77,0.0,-74.13,2364.64,0.0,235.67,158.06,0.0,2758.43,312.95,2445.48,0.0,-54.75,1
2023-12-06,Wednesday,4590.16,0.0,-148.46,4441.7,0.0,381.69,263.03,0.0,5086.55,725.55,4361.0,0.0,-95.43,1
2023-12-07,Thursday,4349.11,0.0,-218.1,4131.01,55.0,433.72,285.0,0.0,4904.93,496.6,4374.33,34.0,-91.07,1
2023-12-08,Friday,5393.88,0.0,-78.81,5315.07,255.0,488.73,286.0,0.0,6344.86,344.05,5986.12,14.69,-123.89,1
2023-12-09,Saturday,5871.28,-32.0,-160.02,5679.26,75.0,530.22,395.0,0.0,6679.52,549.1,6109.28,21.14,-122.78,1
2023-12-10,Sunday,4088.94,0.0,-57.74,4031.2,170.0,391.09,249.39,0.0,4841.73,653.9,4126.08,61.75,-84.57,1
2023-12-11,Monday,2404.64,0.0,-27.34,2377.3,0.0,233.02,168.1,0.0,2778.34,235.8,2542.54,0.0,-46.71,1
2023-12-12,Tuesday,2804.84,0.0,-23.31,2781.53,165.0,282.27,193.25,0.0,3422.13,370.5,3051.63,0.0,-66.21,1
2023-12-13,Wednesday,3300.46,0.0,-25.81,3274.65,120.0,335.07,246.08,0.0,3975.88,309.3,3634.77,31.81,-72.96,1
2023-12-14,Thursday,3897.62,0.0,-159.82,3737.8,50.0,351.64,246.5,0.0,4386.1,476.3,3909.8,0.0,-78.26,1
2023-12-15,Friday,4543.87,0.0,-46.51,4497.36,95.0,393.89,254.4,0.0,5240.72,283.7,4872.02,85.0,-100.22,1
2023-12-16,Saturday,6729.01,0.0,-115.84,6613.17,50.0,583.63,425.23,0.0,7671.94,434.2,7237.74,0.0,-145.03,1
2023-12-17,Sunday,4517.82,0.0,-42.56,4475.26,140.0,378.55,319.37,0.0,5313.16,553.05,4658.66,101.45,-93.6,1
2023-12-18,Monday,2707.02,0.0,-54.54,2652.48,130.0,235.4,177.68,0.0,3195.61,387.25,2808.36,0.0,-57.08,1
2023-12-19,Tuesday,3633.22,0.0,-46.72,3586.5,115.0,319.29,257.78,0.0,4278.56,328.8,3949.76,0.0,-84.33,1
2023-12-20,Wednesday,5412.46,0.0,-83.09,5329.37,485.0,398.16,299.58,0.0,6512.15,384.25,6127.9,0.0,-126.79,1
2023-12-21,Thursday,5435.97,0.0,-75.48,5360.49,465.0,446.71,338.45,0.0,6610.67,295.4,6290.27,25.0,-127.77,1
2023-12-22,Friday,8178.84,0.0,-215.04,7963.8,415.0,705.68,484.92,0.0,9569.38,821.5,8704.39,43.49,-172.39,1
2023-12-23,Saturday,0.0,0.0,0.0,0.0,0.0,0.0,0.0,0.0,0.0,0.0,0.0,0.0,0.0,0
2023-12-24,Sunday,0.0,0.0,0.0,0.0,0.0,0.0,0.0,0.0,0.0,0.0,0.0,0.0,0.0,0
2023-12-25,Monday,0.0,0.0,0.0,0.0,0.0,0.0,0.0,0.0,0.0,0.0,0.0,0.0,0.0,0
2023-12-26,Tuesday,2830.65,0.0,-256.99,2573.66,80.0,231.97,198.2,0.0,3083.89,330.25,2699.74,53.9,-54.65,1
2023-12-27,Wednesday,2169.42,0.0,-14.52,2154.9,0.0,214.8,155.18,0.0,2524.96,255.15,2244.81,25.0,-45.3,1
2023-12-28,Thursday,3429.08,0.0,-53.75,3375.33,45.0,334.17,216.26,0.0,3970.74,223.45,3735.9,11.39,-71.03,1
2023-12-29,Friday,4056.12,0.0,-64.76,3991.36,0.0,375.62,277.01,0.0,4643.96,504.5,4104.46,35.0,-80.87,1
2023-12-30,Saturday,5351.1,0.0,-90.14,5260.96,0.0,503.73,353.31,0.0,6117.98,532.95,5560.95,24.08,-107.91,1
2023-12-31,Sunday,4487.15,-7.0,-63.64,4416.51,0.0,422.16,306.35,0.0,5145.14,439.55,4656.76,48.83,-90.23,1
2024-01-01,Monday,2139.77,0.0,-13.5,2126.27,0.0,220.96,216.9,0.0,2564.15,235.05,2227.37,101.73,-41.85,1
2024-01-02,Tuesday,2159.67,0.0,-4.53,2155.14,0.0,205.1,161.16,0.0,2521.4,248.75,2222.93,49.72,-45.27,1
2024-01-03,Wednesday,2229.84,0.0,-17.35,2212.49,0.0,203.32,138.43,0.0,2554.29,417.9,2120.76,15.63,-44.18,1
2024-01-04,Thursday,3444.19,0.0,-21.28,3422.91,40.0,263.61,193.84,0.0,3920.39,282.55,3525.04,112.8,-76.68,1
2024-01-05,Friday,3268.03,0.0,-35.81,3232.22,0.0,285.66,210.42,0.0,3728.36,204.3,3464.87,59.19,-72.09,1
2024-01-06,Saturday,4754.13,0.0,-39.17,4714.96,0.0,479.8,348.61,0.0,5543.46,623.7,4834.14,85.62,-98.3,1
2024-01-07,Sunday,3211.23,0.0,-33.37,3177.86,0.0,312.82,228.06,0.0,3718.81,262.65,3393.39,62.77,-67.9,1
2024-01-08,Monday,2206.78,0.0,-65.25,2141.53,0.0,223.04,152.93,0.0,2517.57,276.2,2157.37,84.0,-43.89,1
2024-01-09,Tuesday,1767.73,0.0,-45.7,1722.03,25.0,178.53,103.68,0.0,2029.29,231.2,1798.09,0.0,-33.24,1
2024-01-10,Wednesday,2883.98,0.0,-134.28,2749.7,0.0,282.09,204.38,0.0,3236.19,316.85,2807.53,111.81,-57.0,1
2024-01-11,Thursday,3019.35,0.0,-75.27,2944.08,0.0,290.43,187.02,0.0,3421.46,520.6,2900.86,0.0,-62.8,1
2024-01-12,Friday,3866.92,0.0,-38.26,3828.66,50.0,397.72,286.64,0.0,4563.09,319.1,4226.03,17.96,-83.72,1
2024-01-13,Saturday,4780.06,-24.0,-55.98,4700.08,0.0,387.62,307.93,0.0,5395.63,447.55,4919.58,28.5,-102.85,1
2024-01-14,Sunday,3011.04,-38.25,-43.95,2928.84,25.0,299.42,223.54,0.0,3476.85,202.45,3267.5,6.9,-64.62,1
2024-01-15,Monday,2010.78,0.0,-63.14,1947.64,0.0,190.29,136.18,0.0,2274.04,329.3,1944.74,0.0,-38.51,1
2024-01-16,Tuesday,2657.84,0.0,-38.39,2619.45,0.0,235.95,182.19,0.0,3037.75,366.25,2642.91,28.59,-51.87,1
2024-01-17,Wednesday,2646.95,0.0,-85.9,2561.05,35.0,255.3,165.88,0.0,3017.24,426.45,2590.79,0.0,-48.9,1
2024-01-18,Thursday,3092.87,0.0,-17.38,3075.49,0.0,302.38,206.2,0.0,3584.1,309.05,3260.93,14.12,-66.62,1
2024-01-19,Friday,4020.17,0.0,-67.36,3952.81,0.0,406.08,269.53,0.0,4628.48,309.7,4256.91,61.87,-85.85,1
2024-01-20,Saturday,4961.67,0.0,-62.94,4898.73,30.0,475.19,327.57,0.0,5731.55,609.05,5072.5,50.0,-107.1,1
2024-01-21,Sunday,3889.82,0.0,-53.19,3836.63,0.0,317.26,229.68,0.0,4383.59,318.5,4030.51,34.58,-91.25,1
2024-01-22,Monday,1587.87,0.0,-20.8,1567.07,0.0,165.25,117.85,0.0,1850.18,254.55,1559.38,36.25,-31.19,1
2024-01-23,Tuesday,2137.69,0.0,-87.58,2050.11,0.0,200.19,161.29,0.0,2411.67,217.5,2180.17,14.0,-41.61,1
2024-01-24,Wednesday,2809.83,0.0,-92.93,2716.9,0.0,287.21,201.57,0.0,3205.77,366.95,2822.66,16.16,-54.38,1
2024-01-25,Thursday,3058.16,0.0,-18.77,3039.39,0.0,291.2,197.52,0.0,3528.13,234.55,3222.88,70.7,-68.6,1
2024-01-26,Friday,3745.0,0.0,-20.35,3724.65,50.0,375.28,250.16,0.0,4400.18,388.85,3981.95,29.38,-77.97,1
2024-01-27,Saturday,5649.78,0.0,-102.88,5546.9,0.0,539.22,413.28,0.0,6499.45,451.05,5969.58,78.82,-121.77,1
2024-01-28,Sunday,3166.8,0.0,-33.66,3133.14,0.0,306.72,196.46,0.0,3636.37,318.8,3317.57,0.0,-69.28,1
2024-01-29,Monday,2559.57,0.0,-54.7,2504.87,0.0,241.1,185.49,0.0,2931.41,386.3,2512.79,32.32,-52.12,1
2024-01-30,Tuesday,2578.42,0.0,-83.03,2495.39,50.0,248.55,174.94,0.0,2968.88,352.0,2616.88,0.0,-48.91,1
2024-01-31,Wednesday,3567.87,0.0,-39.72,3528.15,50.0,303.0,219.06,0.0,4100.23,374.55,3700.72,24.96,-79.8,1
2024-02-01,Thursday,2812.5,0.0,-71.05,2741.45,0.0,280.29,245.91,0.0,3267.73,275.25,2992.48,0.0,-61.64,1
2024-02-02,Friday,3866.54,0.0,-93.42,3773.12,40.0,390.36,264.78,0.0,4468.37,421.9,4039.47,7.0,-83.51,1
2024-02-03,Saturday,4987.55,0.0,-103.03,4884.52,0.0,480.07,350.3,0.0,5714.83,328.45,5386.38,0.0,-107.07,1
2024-02-04,Sunday,3984.44,0.0,-13.98,3970.46,0.0,393.19,264.3,0.0,4628.01,235.65,4392.36,0.0,-89.89,1
2024-02-05,Monday,2135.68,0.0,-20.22,2115.46,50.0,216.87,177.74,0.0,2560.02,246.4,2313.62,0.0,-46.33,1
2024-02-06,Tuesday,2473.1,0.0,-31.75,2441.35,0.0,240.49,180.42,0.0,2862.21,546.45,2283.44,32.32,-46.02,1
2024-02-07,Wednesday,2737.54,0.0,-49.53,2688.01,0.0,297.54,143.17,0.0,3128.78,474.15,2604.63,50.0,-55.64,1
2024-02-08,Thursday,3125.05,0.0,-40.2,3084.85,20.0,333.84,210.09,0.0,3648.86,393.85,3255.01,0.0,-67.13,1
2024-02-09,Friday,4429.56,0.0,-57.14,4372.42,125.0,435.01,325.72,0.0,5258.24,392.9,4844.16,21.18,-94.77,1
2024-02-10,Saturday,5306.98,0.0,-53.93,5253.05,0.0,544.44,379.77,0.0,6177.39,617.3,5536.56,23.53,-110.5,1
2024-02-11,Sunday,3385.06,0.0,-13.4,3371.66,0.0,330.48,260.94,0.0,3963.08,228.55,3734.53,0.0,-75.15,1
2024-02-12,Monday,3077.03,-48.0,-21.33,3007.7,0.0,201.82,144.81,0.0,3354.4,295.55,3031.85,27.0,-77.77,1
2024-02-13,Tuesday,3156.46,0.0,-45.14,3111.32,50.0,330.4,231.64,0.0,3723.4,310.85,3394.24,18.31,-64.35,1
2024-02-14,Wednesday,3977.3,0.0,-50.76,3926.54,50.0,373.0,225.92,0.0,4575.39,346.25,4212.74,16.4,-89.65,1
2024-02-15,Thursday,2233.59,-13.0,-89.25,2131.34,0.0,238.55,144.2,0.0,2514.2,374.85,2117.91,21.44,-45.1,1
2024-02-16,Friday,4146.5,0.0,-26.58,4119.92,0.0,442.16,290.29,0.0,4852.39,292.8,4524.02,35.57,-83.62,1
2024-02-17,Saturday,4677.99,0.0,-20.68,4657.31,0.0,458.51,278.5,0.0,5394.4,459.45,4934.95,0.0,-97.07,1
2024-02-18,Sunday,3262.11,0.0,-26.9,3235.21,0.0,334.48,197.86,0.0,3767.59,498.75,3231.05,37.79,-63.89,1
2024-02-19,Monday,4019.35,-11.0,-69.11,3939.24,0.0,367.09,298.29,0.0,4604.61,171.5,4328.83,104.28,-87.38,1
2024-02-20,Tuesday,2242.27,-3.5,-15.5,2223.27,0.0,213.73,164.63,0.0,2601.71,269.95,2331.76,0.0,-49.85,1
2024-02-21,Wednesday,3812.48,0.0,-26.04,3786.44,0.0,330.89,208.85,0.0,4326.31,292.25,4034.06,0.0,-89.73,1
2024-02-22,Thursday,2605.11,0.0,-12.34,2592.77,0.0,273.24,199.7,0.0,3065.75,437.6,2614.03,14.12,-49.02,1
2024-02-23,Friday,3984.53,0.0,-43.4,3941.13,0.0,395.13,287.28,0.0,4623.52,525.2,4082.16,16.16,-85.52,1
2024-02-24,Saturday,4722.38,0.0,-39.47,4682.91,50.0,474.95,315.74,0.0,5523.57,434.2,5081.37,8.0,-102.18,1
2024-02-25,Sunday,4052.59,-7.5,-35.03,4010.06,100.0,401.81,286.76,0.0,4798.63,456.75,4327.48,14.4,-82.52,1
2024-02-26,Monday,3282.5,0.0,-40.68,3241.82,150.0,258.66,199.12,0.0,3849.56,342.1,3506.58,0.88,-76.86,1
2024-02-27,Tuesday,2322.69,-10.75,-47.52,2264.42,0.0,232.38,141.95,0.0,2638.79,376.35,2222.39,40.05,-40.92,1
2024-02-28,Wednesday,3781.91,-20.0,-82.17,3679.74,0.0,330.84,200.63,0.0,4211.09,448.6,3762.49,0.0,-78.7,1
2024-02-29,Thursday,2687.32,0.0,-37.64,2649.68,0.0,271.53,187.42,0.0,3108.64,309.6,2799.04,0.0,-57.36,1
2024-03-01,Friday,3848.67,0.0,-36.46,3812.21,20.0,393.82,263.66,0.0,4489.65,463.4,3998.0,28.25,-82.45,1
2024-03-02,Saturday,5673.27,-13.0,-64.6,5595.67,200.0,458.14,326.57,0.0,6580.44,344.7,6235.74,0.0,-143.24,1
2024-03-03,Sunday,3951.04,0.0,-40.53,3910.51,0.0,387.01,290.66,0.0,4588.22,405.8,4182.42,0.0,-85.93,1
2024-03-04,Monday,2797.68,0.0,-82.66,2715.02,0.0,274.06,213.58,0.0,3202.69,368.5,2806.46,27.73,-55.38,1
2024-03-05,Tuesday,3358.13,0.0,-22.9,3335.23,0.0,366.59,243.28,0.0,3945.11,242.95,3698.75,3.41,-75.31,1
2024-03-06,Wednesday,2774.94,0.0,-47.73,2727.21,0.0,289.68,184.33,0.0,3201.2,429.25,2739.56,32.39,-56.0,1
2024-03-07,Thursday,4012.79,0.0,-143.52,3869.27,0.0,374.77,288.8,0.0,4532.88,312.8,4193.19,26.89,-89.45,1
2024-03-08,Friday,4462.09,0.0,-42.46,4419.63,0.0,431.36,272.63,0.0,5123.67,457.7,4665.97,0.0,-98.17,1
2024-03-09,Saturday,4572.56,0.0,-23.39,4549.17,25.0,448.36,291.33,0.0,5313.86,429.05,4884.81,0.0,-97.24,1
2024-03-10,Sunday,3640.87,0.0,-45.76,3595.11,0.0,366.04,237.4,0.0,4198.44,296.75,3901.69,0.0,-80.01,1
2024-03-11,Monday,2601.53,0.0,-35.25,2566.28,25.0,250.56,167.98,0.0,3009.78,234.95,2749.29,25.54,-58.6,1
2024-03-12,Tuesday,3777.43,0.0,-209.82,3567.61,20.0,363.23,213.86,0.0,4164.67,353.0,3811.67,0.0,-65.6,1
2024-03-13,Wednesday,3852.22,0.0,-30.56,3821.66,30.0,432.46,284.73,0.0,4568.92,242.45,4326.47,0.0,-87.48,1
2024-03-14,Thursday,2828.65,0.0,-61.88,2766.77,0.0,290.57,211.0,0.0,3268.38,285.7,2927.68,55.0,-54.07,1
2024-03-15,Friday,4657.52,0.0,-43.57,4613.95,0.0,428.15,299.49,0.0,5341.71,433.35,4908.36,0.0,-108.15,1
2024-03-16,Saturday,5084.56,0.0,-84.0,5000.56,0.0,532.04,357.96,0.0,5890.62,484.45,5381.17,25.0,-108.09,1
2024-03-17,Sunday,4110.64,0.0,-42.49,4068.15,0.0,425.88,295.31,0.0,4789.38,179.3,4610.08,0.0,-91.24,1
2024-03-18,Monday,2650.1,0.0,-57.81,2592.29,0.0,276.98,174.28,0.0,3043.61,339.65,2678.96,25.0,-52.57,1
2024-03-19,Tuesday,3171.18,-13.0,-56.21,3101.97,30.0,342.99,197.58,0.0,3672.6,477.6,3195.0,0.0,-58.85,1
2024-03-20,Wednesday,2662.17,0.0,-47.64,2614.53,0.0,267.62,118.51,0.0,3000.73,640.05,2353.68,7.0,-50.5,1
2024-03-21,Thursday,3265.45,0.0,-54.32,3211.13,0.0,352.97,187.54,0.0,3751.76,387.0,3364.76,0.0,-67.8,1
2024-03-22,Friday,3930.78,0.0,-39.25,3891.53,0.0,393.53,240.04,0.0,4525.19,372.25,4152.94,0.0,-81.0,1
2024-03-23,Saturday,5222.14,-11.34,-56.76,5154.04,0.0,500.22,281.58,0.0,5935.95,394.85,5541.1,0.0,-115.54,1
2024-03-24,Sunday,3992.83,0.0,-9.01,3983.82,0.0,411.12,303.17,0.0,4698.14,190.75,4497.39,10.0,-88.54,1
2024-03-25,Monday,3749.68,0.0,-24.89,3724.79,0.0,291.77,200.83,0.0,4217.44,498.9,3666.31,52.23,-87.0,1
2024-03-26,Tuesday,2823.54,0.0,-21.9,2801.64,0.0,294.01,180.99,0.0,3276.71,389.95,2873.2,13.56,-60.38,1
2024-03-27,Wednesday,3761.25,0.0,-56.62,3704.63,0.0,366.1,264.53,0.0,4335.41,273.45,4061.96,0.0,-81.77,1
2024-03-28,Thursday,4313.23,0.0,-57.46,4255.77,30.0,459.48,301.3,0.0,5046.59,506.2,4531.91,8.48,-87.41,1
2024-03-29,Friday,5392.46,0.0,-58.23,5334.23,0.0,505.71,428.38,0.0,6268.34,357.8,5910.54,0.0,-108.87,1
2024-03-30,Saturday,4791.54,0.0,-37.4,4754.14,20.0,433.6,367.72,0.0,5575.52,229.55,5337.86,8.11,-109.9,1
2024-03-31,Sunday,2849.04,0.0,-30.23,2818.81,20.0,281.3,188.37,0.0,3308.55,266.25,3006.14,36.16,-60.6,1
2024-04-01,Monday,676.5,0.0,0.0,676.5,0.0,0.0,0.0,0.0,676.5,0.0,676.5,0.0,-23.6,1
2024-04-02,Tuesday,2833.34,0.0,-50.05,2783.29,0.0,279.05,214.57,0.0,3276.9,328.05,2948.85,0.0,-53.04,1
2024-04-03,Wednesday,3033.07,0.0,-27.23,3005.84,0.0,276.19,173.98,0.0,3456.03,255.5,3200.53,0.0,-71.81,1
2024-04-04,Thursday,3361.62,0.0,-66.31,3295.31,0.0,346.44,236.41,0.0,3878.23,324.4,3553.83,0.0,-68.61,1
2024-04-05,Friday,4514.23,0.0,-56.88,4457.35,0.0,468.37,253.62,0.0,5179.33,357.0,4796.39,25.94,-90.81,1
2024-04-06,Saturday,4433.53,0.0,-38.73,4394.8,0.0,450.73,297.09,0.0,5142.7,337.55,4805.15,0.0,-96.51,1
2024-04-07,Sunday,3940.43,0.0,-10.51,3929.92,0.0,420.35,270.82,0.0,4621.18,246.15,4350.03,25.0,-85.45,1
2024-04-08,Monday,3762.73,0.0,-7.7,3755.03,0.0,418.83,278.25,0.0,4452.13,312.45,4091.13,48.55,-81.84,1
2024-04-09,Tuesday,2727.18,0.0,-19.06,2708.12,0.0,288.81,200.78,0.0,3197.61,397.05,2800.56,0.0,-55.84,1
2024-04-10,Wednesday,3820.31,0.0,-33.85,3786.46,25.0,401.09,254.79,0.0,4467.45,366.0,4101.45,0.0,-81.87,1
2024-04-11,Thursday,3308.21,0.0,-116.35,3191.86,0.0,336.71,205.81,0.0,3734.5,386.65,3317.96,29.89,-69.79,1
2024-04-12,Friday,4044.69,0.0,-51.48,3993.21,0.0,412.9,225.24,0.0,4631.42,409.3,4211.67,10.45,-89.69,1
2024-04-13,Saturday,5095.91,-3.5,-28.59,5063.82,0.0,496.43,350.38,0.0,5910.62,512.4,5398.22,0.0,-108.18,1
2024-04-14,Sunday,4157.78,0.0,-12.35,4145.43,0.0,432.66,284.15,0.0,4862.25,326.75,4495.95,39.55,-95.72,1
2024-04-15,Monday,3754.69,0.0,-47.92,3706.77,0.0,408.51,261.26,0.0,4376.48,500.0,3856.48,20.0,-76.58,1
2024-04-16,Tuesday,4193.01,0.0,-39.65,4153.36,20.0,377.18,233.0,0.0,4783.62,335.5,4418.12,30.0,-99.02,1
2024-04-17,Wednesday,3611.72,-13.0,-61.35,3537.37,0.0,378.71,262.36,0.0,4178.67,375.35,3778.32,25.0,-79.23,1
2024-04-18,Thursday,3244.16,0.0,-52.68,3191.48,0.0,351.34,237.95,0.0,3780.7,257.3,3504.1,19.3,-75.83,1
2024-04-19,Friday,5122.44,-18.0,-160.91,4943.53,0.0,522.45,346.84,0.0,5812.97,630.75,5145.84,36.38,-109.34,1
2024-04-20,Saturday,5840.5,-7.0,-119.51,5713.99,0.0,588.15,399.24,0.0,6701.46,214.5,6486.96,0.0,-142.6,1
2024-04-21,Sunday,4685.82,0.0,-37.92,4647.9,0.0,495.51,388.71,0.0,5532.1,252.35,5279.75,0.0,-107.04,1
2024-04-22,Monday,3212.86,0.0,-45.54,3167.32,0.0,313.59,177.76,0.0,3658.54,277.1,3381.44,0.0,-70.14,1
2024-04-23,Tuesday,3165.04,0.0,-28.05,3136.99,0.0,344.25,242.29,0.0,3723.53,363.65,3339.88,20.0,-66.89,1
2024-04-24,Wednesday,3539.62,0.0,-288.4,3251.22,0.0,338.56,202.6,0.0,3792.32,276.55,3515.77,0.0,-72.27,1
2024-04-25,Thursday,3970.42,0.0,-77.09,3893.33,0.0,405.81,231.95,0.0,4531.15,515.8,4005.04,10.31,-84.95,1
2024-04-26,Friday,5228.13,0.0,-58.5,5169.63,0.0,536.38,358.86,0.0,6064.72,467.45,5583.27,14.0,-106.83,1
2024-04-27,Saturday,5890.0,0.0,-53.32,5836.68,0.0,611.94,384.95,0.0,6833.61,559.05,6245.56,29.0,-130.87,1
2024-04-28,Sunday,3919.95,0.0,-26.88,3893.07,25.0,394.86,256.72,0.0,4569.66,180.6,4389.06,0.0,-94.07,1
2024-04-29,Monday,3774.33,0.0,-32.98,3741.35,0.0,305.01,216.23,0.0,4262.49,378.1,3868.05,16.34,-90.1,1
2024-04-30,Tuesday,3161.99,0.0,-64.12,3097.87,0.0,326.25,199.23,0.0,3623.22,505.65,3109.09,8.48,-61.71,1
2024-05-01,Wednesday,3661.04,0.0,-35.06,3625.98,0.0,374.25,227.73,0.0,4227.83,410.1,3807.73,10.0,-81.94,1
2024-05-02,Thursday,4021.12,0.0,-78.83,3942.29,0.0,422.1,274.2,0.0,4638.42,430.65,4187.2,20.57,-88.64,1
2024-05-03,Friday,4710.0,0.0,-66.27,4643.73,50.0,484.59,314.71,0.0,5493.09,328.45,5154.64,10.0,-102.59,1
2024-05-04,Saturday,5661.4,0.0,-31.64,5629.76,0.0,616.16,432.21,0.0,6677.95,462.2,6184.78,30.97,-127.4,1
2024-05-05,Sunday,4174.59,0.0,-24.06,4150.53,0.0,431.52,339.65,0.0,4921.73,272.2,4642.89,6.64,-97.36,1
2024-05-06,Monday,3064.55,0.0,-43.63,3020.92,25.0,314.02,226.52,0.0,3586.45,460.6,3125.85,0.0,-61.44,1
2024-05-07,Tuesday,3313.22,0.0,-66.38,3246.84,0.0,359.3,225.8,0.0,3831.9,359.15,3437.57,35.18,-73.02,1
2024-05-08,Wednesday,3813.97,0.0,-81.58,3732.39,25.0,400.89,258.57,0.0,4417.08,501.25,3896.63,19.2,-77.99,1
2024-05-09,Thursday,4073.61,0.0,-48.94,4024.67,50.0,441.4,268.67,0.0,4784.55,505.9,4268.65,10.0,-85.3,1
2024-05-10,Friday,5218.07,-11.0,-35.58,5171.49,25.0,556.83,384.1,0.0,6137.35,429.55,5687.18,20.62,-112.83,1
2024-05-11,Saturday,6625.38,0.0,-25.68,6599.7,25.0,692.46,407.39,0.0,7724.42,583.5,7140.92,0.0,-148.34,1
2024-05-12,Sunday,5074.72,-53.25,-178.56,4842.91,0.0,536.46,386.47,0.0,5765.81,515.1,5239.48,11.23,-102.59,1
2024-05-13,Monday,4536.37,0.0,-87.82,4448.55,0.0,382.54,224.04,0.0,5055.15,815.7,4239.45,0.0,-96.97,1
2024-05-14,Tuesday,3852.25,0.0,-87.43,3764.82,0.0,419.39,237.37,-15.0,4406.38,448.75,3942.66,14.97,-86.38,1
2024-05-15,Wednesday,3261.22,0.0,-70.12,3191.1,0.0,323.98,194.6,0.0,3709.74,438.4,3256.37,14.97,-66.94,1
2024-05-16,Thursday,4599.28,0.0,-21.58,4577.7,0.0,499.75,276.64,0.0,5353.97,360.65,4993.32,0.0,-104.37,1
2024-05-17,Friday,5263.28,0.0,-119.62,5143.66,0.0,559.64,306.51,0.0,6009.76,430.2,5579.56,0.0,-124.04,1
2024-05-18,Saturday,5530.19,0.0,-67.69,5462.5,50.0,551.37,361.58,0.0,6425.51,695.55,5729.96,0.0,-115.71,1
2024-05-19,Sunday,4703.93,0.0,-30.43,4673.5,0.0,518.27,383.96,0.0,5575.75,398.75,5177.0,0.0,-101.83,1
2024-05-20,Monday,3929.37,0.0,-27.0,3902.37,0.0,445.87,300.96,0.0,4649.29,378.2,4254.57,16.52,-91.12,1
2024-05-21,Tuesday,4494.52,0.0,-93.19,4401.33,0.0,457.94,204.93,0.0,5064.22,427.8,4626.39,10.03,-117.85,1
2024-05-22,Wednesday,3286.92,0.0,-56.03,3230.89,0.0,352.2,204.0,0.0,3787.04,370.5,3416.54,0.0,-70.03,1
2024-05-23,Thursday,3655.91,0.0,-61.16,3594.75,30.0,378.09,241.57,0.0,4244.3,455.05,3789.25,0.0,-75.19,1
2024-05-24,Friday,4427.08,-13.25,-74.72,4339.11,0.0,490.63,309.19,0.0,5138.78,332.7,4792.08,14.0,-97.23,1
2024-05-25,Saturday,5580.98,-7.0,-100.64,5473.34,0.0,577.47,300.5,0.0,6351.37,475.05,5876.32,0.0,-123.97,1
2024-05-26,Sunday,4488.79,-6.25,-52.62,4429.92,50.0,491.03,325.51,0.0,5296.41,433.0,4830.48,32.93,-98.39,1
2024-05-27,Monday,3532.39,0.0,-182.18,3350.21,30.0,360.4,159.61,0.0,3900.2,227.7,3672.5,0.0,-87.13,1
2024-05-28,Tuesday,4297.24,0.0,-171.08,4126.16,0.0,438.55,253.2,0.0,4817.77,432.8,4384.97,0.0,-86.37,1
2024-05-29,Wednesday,3370.71,0.0,-35.73,3334.98,0.0,382.79,252.26,0.0,3970.04,302.2,3667.84,0.0,-66.77,1
2024-05-30,Thursday,4578.47,0.0,-70.94,4507.53,0.0,489.43,261.58,0.0,5258.36,550.35,4708.01,0.0,-82.52,1
2024-05-31,Friday,4164.06,0.0,-89.58,4074.48,0.0,445.88,306.09,0.0,4826.5,462.95,4363.55,0.0,-75.85,1
2024-06-01,Saturday,6210.35,0.0,-36.26,6174.09,0.0,651.12,463.54,0.0,7288.72,384.75,6844.03,59.94,-121.32,1
2024-06-02,Sunday,3936.49,0.0,-86.44,3850.05,0.0,415.64,270.66,0.0,4536.26,303.3,4212.96,20.0,-72.33,1
2024-06-03,Monday,2775.12,0.0,-57.33,2717.79,0.0,294.93,165.96,0.0,3178.58,329.85,2848.73,0.0,-50.02,1
2024-06-04,Tuesday,2895.6,0.0,-56.08,2839.52,0.0,319.15,199.52,0.0,3358.17,258.55,3099.62,0.0,-51.68,1
2024-06-05,Wednesday,3507.27,0.0,-127.41,3379.86,0.0,376.57,175.09,0.0,3931.54,321.6,3609.94,0.0,-62.73,1
2024-06-06,Thursday,3705.86,0.0,-85.76,3620.1,0.0,398.12,247.01,0.0,4265.16,287.05,3978.11,0.0,-73.08,1
2024-06-07,Friday,5001.14,0.0,-107.55,4893.59,0.0,539.64,334.15,-3.0,5764.35,434.1,5330.25,0.0,-97.48,1
2024-06-08,Saturday,5038.57,0.0,-48.32,4990.25,60.0,539.89,417.37,0.0,6007.38,362.8,5644.58,0.0,-104.59,1
2024-06-09,Sunday,3735.71,0.0,-8.43,3727.28,0.0,376.19,250.33,0.0,4353.85,251.8,4069.12,32.93,-74.13,1
2024-06-10,Monday,0.0,0.0,0.0,0.0,0.0,0.0,0.0,0.0,0.0,0.0,0.0,0.0,0.0,0
2024-06-11,Tuesday,3792.55,0.0,-91.76,3700.79,75.0,401.42,281.21,0.0,4458.27,503.3,3938.5,16.47,-69.04,1
2024-06-12,Wednesday,3771.43,0.0,-26.57,3744.86,0.0,396.4,251.74,0.0,4392.95,430.6,3962.35,0.0,-70.68,1
2024-06-13,Thursday,4143.63,0.0,-44.37,4099.26,120.0,454.34,289.38,0.0,4962.95,366.9,4596.05,0.0,-82.25,1
2024-06-14,Friday,5674.37,0.0,-60.93,5613.44,0.0,616.52,350.72,0.0,6580.57,387.05,6193.52,0.0,-114.66,1
2024-06-15,Saturday,5974.63,0.0,-88.42,5886.21,40.0,638.04,411.78,0.0,6976.03,439.9,6536.13,0.0,-115.23,1
2024-06-16,Sunday,5831.63,0.0,-49.97,5781.66,50.0,628.44,408.86,0.0,6868.9,200.15,6668.75,0.0,-121.69,1
2024-06-17,Monday,3688.42,0.0,-40.05,3648.37,0.0,397.56,202.58,0.0,4248.57,263.8,3984.77,0.0,-77.8,1
2024-06-18,Tuesday,3133.01,0.0,-78.95,3054.06,0.0,337.56,221.31,0.0,3612.85,370.7,3242.15,0.0,-58.66,1
2024-06-19,Wednesday,3475.37,0.0,-34.65,3440.72,260.0,387.3,216.57,0.0,4304.47,349.9,3938.1,16.47,-72.49,1
2024-06-20,Thursday,3916.37,0.0,-113.63,3802.74,25.0,421.01,240.89,0.0,4489.52,380.35,4109.17,0.0,-79.01,1
2024-06-21,Friday,3317.82,0.0,-52.32,3265.5,90.0,344.03,226.65,0.0,3926.21,246.1,3665.14,14.97,-68.0,1
2024-06-22,Saturday,5664.52,0.0,-176.45,5488.07,95.0,577.28,438.59,0.0,6598.89,617.25,5847.66,133.98,-101.26,1
2024-06-23,Sunday,3887.95,0.0,-195.99,3691.96,30.0,392.78,263.75,0.0,4378.51,339.75,4018.76,20.0,-73.19,1
2024-06-24,Monday,3568.49,0.0,-64.12,3504.37,0.0,370.34,207.26,0.0,4081.96,431.65,3650.31,0.0,-68.62,1
2024-06-25,Tuesday,5037.0,0.0,-78.17,4958.83,280.0,575.46,227.12,0.0,6041.3,499.1,5542.2,0.0,-117.73,1
2024-06-26,Wednesday,4066.07,-4.0,-31.83,4030.24,110.0,425.42,229.83,-94.13,4701.23,243.45,4457.78,0.0,-84.34,1
2024-06-27,Thursday,3977.09,0.0,-43.98,3933.11,0.0,423.52,240.29,0.0,4596.85,501.3,4087.07,8.48,-73.64,1
2024-06-28,Friday,4842.16,0.0,-48.8,4793.36,0.0,504.68,346.45,0.0,5644.42,400.1,5244.32,0.0,-92.47,1
2024-06-29,Saturday,4875.99,0.0,-69.94,4806.05,0.0,415.39,244.31,0.0,5465.71,251.25,5179.43,35.03,-88.95,1
2024-06-30,Sunday,3334.42,0.0,-118.51,3215.91,45.0,306.62,221.07,0.0,3788.56,257.1,3487.82,43.64,-59.97,1
2024-07-01,Monday,0.0,0.0,0.0,0.0,0.0,0.0,0.0,0.0,0.0,0.0,0.0,0.0,0.0,0
2024-07-02,Tuesday,3268.94,0.0,-42.72,3226.22,20.0,332.91,239.02,0.0,3818.12,310.9,3507.22,0.0,-64.89,1
2024-07-03,Wednesday,3717.16,0.0,-46.36,3670.8,150.0,353.33,209.78,0.0,4383.85,558.65,3819.2,6.0,-67.68,1
2024-07-04,Thursday,3610.94,0.0,-26.05,3584.89,0.0,336.83,214.94,0.0,4136.66,323.3,3798.95,14.41,-65.31,1
2024-07-05,Friday,4407.8,-17.6,-51.73,4338.47,0.0,464.02,300.49,0.0,5103.02,502.55,4562.33,38.14,-79.94,1
2024-07-06,Saturday,5129.19,-26.25,-43.03,5059.91,0.0,490.82,348.45,-14.12,5885.14,459.95,5425.19,0.0,-106.4,1
2024-07-07,Sunday,3343.99,0.0,-69.08,3274.91,0.0,348.0,273.29,0.0,3896.18,314.95,3574.45,6.78,-63.64,1
2024-07-08,Monday,2621.96,0.0,-41.09,2580.87,0.0,277.3,195.17,0.0,3053.31,248.25,2805.06,0.0,-47.18,1
2024-07-09,Tuesday,3349.41,0.0,-63.36,3286.05,25.0,354.82,241.28,0.0,3907.12,249.0,3658.12,0.0,-65.25,1
2024-07-10,Wednesday,2774.51,0.0,-41.95,2732.56,200.0,285.01,163.52,0.0,3381.1,100.45,3280.65,0.0,-56.55,1
2024-07-11,Thursday,3454.06,-26.0,-54.04,3374.02,0.0,341.29,215.42,0.0,3930.73,310.1,3620.63,0.0,-64.21,1
2024-07-12,Friday,3891.08,0.0,-57.99,3833.09,0.0,406.75,237.21,0.0,4477.16,222.65,4123.84,130.67,-74.73,1
2024-07-13,Saturday,5061.57,0.0,-57.88,5003.69,0.0,492.59,352.37,0.0,5848.58,536.05,5297.56,14.97,-96.0,1
2024-07-14,Sunday,4408.09,0.0,-39.78,4368.31,0.0,409.15,323.51,0.0,5100.87,190.45,4910.42,0.0,-91.41,1
2024-07-15,Monday,2589.61,0.0,-23.31,2566.3,0.0,270.37,169.03,0.0,3005.73,300.4,2705.33,0.0,-48.17,1
2024-07-16,Tuesday,3595.64,0.0,-33.76,3561.88,0.0,359.96,227.01,0.0,4148.83,287.8,3847.81,13.22,-71.68,1
2024-07-17,Wednesday,3516.29,0.0,-50.13,3466.16,50.0,335.59,240.73,0.0,4092.42,282.75,3739.7,69.97,-68.36,1
2024-07-18,Thursday,3170.37,0.0,-19.75,3150.62,50.0,328.05,207.41,0.0,3736.05,233.4,3485.7,16.95,-60.13,1
2024-07-19,Friday,3881.0,0.0,-47.32,3833.68,0.0,404.34,244.38,-3.5,4478.94,291.05,4143.73,44.16,-75.61,1
2024-07-20,Saturday,4874.2,0.0,-61.18,4813.02,0.0,476.05,265.52,0.0,5554.56,492.85,5053.71,8.0,-91.32,1
2024-07-21,Sunday,4568.34,0.0,-78.62,4489.72,0.0,496.42,345.74,0.0,5331.82,423.55,4908.27,0.0,-90.05,1
2024-07-22,Monday,2802.12,-17.0,-86.45,2698.67,0.0,287.96,200.24,0.0,3186.79,318.6,2868.19,0.0,-52.31,1
2024-07-23,Tuesday,3353.36,-26.5,-49.3,3277.56,100.0,359.29,264.38,0.0,4001.17,331.75,3669.42,0.0,-67.83,1
2024-07-24,Wednesday,3140.72,0.0,-47.01,3093.71,0.0,331.6,230.93,0.0,3656.23,200.35,3455.88,0.0,-63.81,1
2024-07-25,Thursday,4042.75,-3.65,-99.23,3939.87,0.0,375.51,255.46,0.0,4570.88,368.1,4155.27,47.51,-77.41,1
2024-07-26,Friday,4896.73,0.0,-79.45,4817.28,0.0,471.78,284.89,0.0,5573.88,206.0,5357.85,10.03,-100.14,1
2024-07-27,Saturday,4523.0,-50.0,-84.77,4388.23,0.0,427.0,342.55,0.0,5157.83,268.35,4889.48,0.0,-83.01,1
2024-07-28,Sunday,4146.23,-24.0,-44.02,4078.21,0.0,426.19,256.39,0.0,4760.8,175.75,4585.05,0.0,-84.6,1
2024-07-29,Monday,2978.28,0.0,-71.23,2907.05,0.0,281.47,205.2,0.0,3393.56,297.2,3030.89,65.47,-58.43,1
2024-07-30,Tuesday,2986.97,0.0,-32.92,2954.05,0.0,295.92,200.71,0.0,3450.56,327.7,3122.86,0.0,-54.33,1
2024-07-31,Wednesday,3121.58,0.0,-44.58,3077.0,0.0,339.93,184.04,0.0,3600.98,381.6,3219.38,0.0,-58.4,1
2024-08-01,Thursday,3300.4,0.0,-65.65,3234.75,0.0,327.49,212.67,0.0,3774.81,139.3,3635.51,0.0,-61.92,1
2024-08-02,Friday,4259.01,0.0,-63.59,4195.42,0.0,412.97,287.69,0.0,4896.15,492.5,4393.34,10.31,-77.34,1
2024-08-03,Saturday,4514.16,-31.25,-62.47,4420.44,50.0,393.02,248.55,0.0,5111.89,436.65,4675.24,0.0,-86.05,1
2024-08-04,Sunday,2723.33,-6.0,-161.59,2555.74,0.0,250.03,156.87,0.0,2962.62,240.2,2701.86,20.56,-49.64,1
2024-08-05,Monday,2763.47,0.0,-42.16,2721.31,0.0,275.14,208.7,0.0,3205.12,187.7,3017.42,0.0,-53.06,1
2024-08-06,Tuesday,2587.06,0.0,-86.68,2500.38,0.0,237.76,132.67,0.0,2870.83,334.6,2536.23,0.0,-47.47,1
2024-08-07,Wednesday,2864.88,0.0,-77.65,2787.23,30.0,282.25,193.29,0.0,3292.76,305.25,2987.51,0.0,-53.19,1
2024-08-08,Thursday,3191.92,-7.0,-25.95,3158.97,0.0,333.95,172.72,0.0,3665.49,531.75,3108.83,24.91,-56.6,1
2024-08-09,Friday,3757.34,0.0,-46.14,3711.2,0.0,355.06,207.04,0.0,4273.28,173.55,4099.73,0.0,-77.61,1
2024-08-10,Saturday,5121.55,0.0,-104.1,5017.45,100.0,486.64,358.91,0.0,5962.86,331.45,5631.41,0.0,-97.47,1
2024-08-11,Sunday,2512.13,-4.95,-22.0,2485.18,0.0,252.73,199.74,0.0,2937.59,262.9,2670.69,4.0,-48.84,1
2024-08-12,Monday,3064.64,-7.5,-72.52,2984.62,0.0,297.94,211.7,0.0,3494.13,328.7,3165.43,0.0,-57.5,1
2024-08-13,Tuesday,3274.38,0.0,-45.79,3228.59,0.0,334.66,179.14,0.0,3742.38,234.65,3479.62,28.11,-61.9,1
2024-08-14,Wednesday,4553.79,0.0,-42.49,4511.3,0.0,370.73,234.54,0.0,5116.45,362.05,4739.43,14.97,-91.12,1
2024-08-15,Thursday,4040.18,0.0,-46.94,3993.24,0.0,406.29,238.56,0.0,4638.11,406.55,4184.08,47.48,-77.57,1
2024-08-16,Friday,4035.81,0.0,-41.29,3994.52,0.0,409.12,258.29,0.0,4661.89,293.6,4364.29,4.0,-75.71,1
2024-08-17,Saturday,4928.59,0.0,-71.47,4857.12,0.0,445.44,308.08,0.0,5610.62,486.0,5124.62,0.0,-94.6,1
2024-08-18,Sunday,3484.65,0.0,-19.59,3465.06,90.0,350.59,244.06,0.0,4149.83,444.1,3688.66,17.07,-69.21,1
2024-08-19,Monday,2568.78,0.0,-58.95,2509.83,20.0,255.28,162.43,0.0,2947.42,304.9,2642.52,0.0,-46.23,1
2024-08-20,Tuesday,3002.12,0.0,-94.88,2907.24,0.0,281.73,176.33,0.0,3365.18,345.1,3005.11,14.97,-55.37,1
2024-08-21,Wednesday,3344.7,0.0,-39.23,3305.47,0.0,346.92,227.35,0.0,3879.77,231.25,3599.02,49.5,-63.86,1
2024-08-22,Thursday,4006.86,0.0,-41.8,3965.06,0.0,416.59,286.94,0.0,4668.52,259.2,4354.71,54.61,-78.93,1
2024-08-23,Friday,4559.23,0.0,-76.28,4482.95,0.0,458.27,299.96,0.0,5241.13,268.15,4962.09,10.89,-87.34,1
2024-08-24,Saturday,5377.78,0.0,-74.19,5303.59,60.0,545.44,335.51,0.0,6244.6,392.45,5852.15,0.0,-107.48,1
2024-08-25,Sunday,3219.55,0.0,-42.24,3177.31,0.0,326.18,239.19,0.0,3742.64,257.35,3465.29,20.0,-60.94,1
2024-08-26,Monday,2662.78,0.0,-47.04,2615.74,0.0,272.5,177.36,0.0,3065.54,211.75,2835.15,18.64,-53.35,1
2024-08-27,Tuesday,3095.01,0.0,-49.51,3045.5,0.0,272.21,191.28,0.0,3508.96,368.6,3140.36,0.0,-58.2,1
2024-08-28,Wednesday,3458.56,0.0,-69.99,3388.57,0.0,350.36,207.36,0.0,3946.23,491.05,3451.57,3.61,-65.55,1
2024-08-29,Thursday,3402.53,0.0,-55.18,3347.35,40.0,378.67,203.34,0.0,3969.3,344.3,3625.0,0.0,-62.32,1
2024-08-30,Friday,4271.23,-7.0,-26.67,4237.56,40.0,436.11,294.43,0.0,5008.11,317.2,4666.54,24.37,-79.71,1
2024-08-31,Saturday,5091.73,-6.0,-85.76,4999.97,0.0,434.11,347.57,0.0,5781.64,226.5,5506.31,48.83,-103.64,1
2024-09-01,Sunday,4080.51,-10.0,-85.7,3984.81,0.0,400.15,251.9,0.0,4636.91,613.3,4023.61,0.0,-69.43,1
2024-09-02,Monday,0.0,0.0,0.0,0.0,0.0,0.0,0.0,0.0,0.0,0.0,0.0,0.0,0.0,0
2024-09-03,Tuesday,3261.24,0.0,-76.8,3184.44,0.0,345.17,173.03,0.0,3702.65,216.05,3486.6,0.0,-62.87,1
2024-09-04,Wednesday,3238.59,0.0,-36.15,3202.44,0.0,349.6,196.26,0.0,3748.31,449.15,3295.45,3.71,-60.91,1
2024-09-05,Thursday,3257.14,0.0,-104.01,3153.13,0.0,344.65,199.12,0.0,3696.78,283.1,3383.74,29.94,-61.75,1
2024-09-06,Friday,4382.63,0.0,-80.25,4302.38,0.0,461.9,250.27,0.0,5014.59,443.15,4550.97,20.47,-83.15,1
2024-09-07,Saturday,5567.25,0.0,-46.23,5521.02,50.0,526.67,370.93,0.0,6468.55,394.7,6020.14,53.71,-109.47,1
2024-09-08,Sunday,4142.47,0.0,-68.04,4074.43,0.0,398.6,264.76,0.0,4737.84,282.3,4455.54,0.0,-85.94,1
2024-09-09,Monday,3410.35,0.0,-45.31,3365.04,40.0,300.11,178.51,-24.85,3858.83,427.5,3428.3,3.03,-61.98,1
2024-09-10,Tuesday,3499.77,-13.25,-43.06,3443.46,100.0,351.92,204.57,0.0,4099.93,274.45,3825.48,0.0,-67.85,1
2024-09-11,Wednesday,3169.51,0.0,-92.22,3077.29,0.0,306.28,186.7,0.0,3570.11,277.65,3273.9,18.56,-61.23,1
2024-09-12,Thursday,3084.23,0.0,-42.79,3041.44,100.0,321.77,157.45,0.0,3620.59,255.4,3365.19,0.0,-61.08,1
2024-09-13,Friday,4143.81,0.0,-78.46,4065.35,0.0,393.25,213.22,0.0,4671.9,558.7,4113.2,0.0,-71.71,1
2024-09-14,Saturday,5086.27,0.0,-55.56,5030.71,0.0,513.4,352.59,0.0,5896.75,299.6,5597.15,0.0,-102.46,1
2024-09-15,Sunday,3884.95,-13.25,-139.47,3732.23,0.0,408.78,253.9,0.0,4394.96,457.55,3917.86,19.55,-69.97,1
2024-09-16,Monday,3229.99,0.0,-50.01,3179.98,0.0,326.49,184.57,0.0,3691.02,268.25,3399.83,22.94,-57.72,1
2024-09-17,Tuesday,2947.98,0.0,-70.37,2877.61,100.0,296.26,190.16,0.0,3463.94,485.5,2924.4,54.04,-53.34,1
2024-09-18,Wednesday,3467.95,0.0,-70.54,3397.41,0.0,374.35,219.96,0.0,3991.62,303.55,3675.4,12.67,-71.99,1
2024-09-19,Thursday,3998.03,0.0,-92.25,3905.78,0.0,422.76,242.72,0.0,4571.25,459.9,4103.54,7.81,-70.09,1
2024-09-20,Friday,4777.25,-13.25,-129.64,4634.36,40.0,437.4,323.15,0.0,5434.86,227.2,5162.32,45.34,-91.85,1
2024-09-21,Saturday,4948.74,0.0,-71.25,4877.49,20.0,476.21,286.28,0.0,5659.96,338.1,5321.86,0.0,-91.66,1
2024-09-22,Sunday,5082.99,-13.25,-89.94,4979.8,20.0,453.94,290.25,0.0,5743.91,347.3,5396.61,0.0,-105.6,1
2024-09-23,Monday,3320.1,0.0,-42.68,3277.42,0.0,308.73,225.29,0.0,3811.34,286.85,3524.49,0.0,-65.43,1
2024-09-24,Tuesday,3195.73,0.0,-67.89,3127.84,0.0,300.58,211.37,0.0,3639.8,222.8,3417.0,0.0,-60.78,1
2024-09-25,Wednesday,3199.16,0.0,-117.52,3081.64,0.0,297.16,167.12,0.0,3545.96,243.05,3299.3,3.61,-61.69,1
2024-09-26,Thursday,3454.16,0.0,-24.42,3429.74,30.0,363.77,233.4,0.0,4056.87,321.85,3700.26,34.76,-63.4,1
2024-09-27,Friday,4395.68,0.0,-94.8,4300.88,0.0,440.23,251.48,0.0,4992.5,162.25,4759.88,70.37,-86.43,1
2024-09-28,Saturday,4579.82,0.0,-90.0,4489.82,0.0,452.44,325.35,0.0,5267.63,368.55,4865.82,33.26,-86.13,1
2024-09-29,Sunday,4055.62,-13.25,-62.97,3979.4,0.0,394.51,220.85,0.0,4594.72,417.2,4134.86,42.66,-75.58,1
2024-09-30,Monday,3210.31,0.0,-84.2,3126.11,25.0,300.37,163.67,0.0,3615.08,331.6,3280.96,2.52,-59.12,1
2024-10-01,Tuesday,3184.7,0.0,-67.28,3117.42,0.0,319.51,167.9,0.0,3604.83,339.15,3196.47,69.21,-58.25,1
2024-10-02,Wednesday,3333.65,0.0,-57.92,3275.73,50.0,356.68,208.1,0.0,3890.4,272.0,3596.31,22.09,-61.52,1
2024-10-03,Thursday,3770.78,0.0,-117.92,3652.86,0.0,373.77,246.49,0.0,4273.03,327.7,3917.55,27.78,-68.47,1
2024-10-04,Friday,4183.82,0.0,-86.94,4096.88,0.0,412.21,230.7,0.0,4739.73,466.9,4263.5,9.33,-70.67,1
2024-10-05,Saturday,5387.55,0.0,-73.29,5314.26,0.0,516.25,355.6,0.0,6186.15,293.8,5845.15,47.2,-102.91,1
2024-10-06,Sunday,3183.76,0.0,-61.57,3122.19,120.0,308.1,180.53,0.0,3730.81,211.15,3519.66,0.0,-64.79,1
2024-10-07,Monday,3340.66,0.0,-65.45,3275.21,50.0,316.8,203.55,0.0,3845.54,354.6,3490.94,0.0,-63.77,1
2024-10-08,Tuesday,3411.4,-6.75,-109.32,3295.33,40.0,286.64,187.24,0.0,3809.19,222.75,3551.11,35.33,-68.59,1
2024-10-09,Wednesday,3383.96,0.0,-39.26,3344.7,0.0,325.7,175.6,0.0,3845.92,199.9,3646.02,0.0,-66.92,1
2024-10-10,Thursday,3570.73,0.0,-112.57,3458.16,0.0,368.16,213.87,0.0,4040.06,309.4,3683.49,47.17,-65.05,1
2024-10-11,Friday,4917.29,0.0,-77.16,4840.13,75.0,478.57,329.92,0.0,5723.57,342.8,5358.03,22.74,-94.82,1
2024-10-12,Saturday,5170.27,0.0,-16.58,5153.69,0.0,504.31,365.9,0.0,6023.78,440.95,5582.83,0.0,-100.86,1
2024-10-13,Sunday,2498.86,0.0,-143.46,2355.4,0.0,205.48,200.28,0.0,2761.09,191.0,2570.09,0.0,-43.6,1
2024-10-14,Monday,0.0,0.0,0.0,0.0,0.0,0.0,0.0,0.0,0.0,0.0,0.0,0.0,0.0,0
2024-10-15,Tuesday,2986.68,0.0,-54.42,2932.26,0.0,283.66,160.97,0.0,3376.8,289.7,3083.19,3.91,-55.39,1
2024-10-16,Wednesday,3415.79,-13.25,-166.37,3236.17,0.0,317.36,176.43,0.0,3729.97,314.95,3390.02,25.0,-60.89,1
2024-10-17,Thursday,4204.46,0.0,-287.52,3916.94,0.0,420.17,273.17,0.0,4610.26,268.65,4308.68,32.93,-76.24,1
2024-10-18,Friday,3987.16,0.0,-116.12,3871.04,50.0,395.52,220.81,0.0,4537.31,446.0,4050.92,40.39,-73.32,1
2024-10-19,Saturday,5430.73,0.0,-157.37,5273.36,30.0,531.46,358.76,0.0,6193.47,606.3,5587.17,0.0,-99.7,1
2024-10-20,Sunday,3734.95,0.0,-79.29,3655.66,0.0,374.47,245.68,0.0,4275.9,214.1,4061.8,0.0,-72.19,1
2024-10-21,Monday,2935.69,0.0,-52.58,2883.11,15.0,309.06,174.18,0.0,3381.28,288.55,3092.73,0.0,-57.53,1
2024-10-22,Tuesday,3280.74,-7.9,-92.15,3180.69,0.0,319.9,212.56,0.0,3713.07,319.45,3393.62,0.0,-59.91,1
2024-10-23,Wednesday,3435.35,0.0,-32.67,3402.68,50.0,352.44,198.91,0.0,4003.86,290.9,3688.24,24.72,-67.63,1
2024-10-24,Thursday,3102.04,0.0,-59.7,3042.34,0.0,318.15,181.34,0.0,3541.74,344.8,3196.94,0.0,-53.52,1
2024-10-25,Friday,4287.34,0.0,-326.01,3961.33,50.0,361.82,181.9,0.0,4554.95,449.7,4105.25,0.0,-78.68,1
2024-10-26,Saturday,5231.64,0.0,-53.74,5177.9,30.0,564.41,382.7,0.0,6155.0,234.9,5920.1,0.0,-105.72,1
2024-10-27,Sunday,3455.07,0.0,-53.61,3401.46,0.0,354.62,176.17,0.0,3932.2,197.8,3727.4,7.0,-67.85,1
2024-10-28,Monday,2862.2,0.0,-24.69,2837.51,0.0,292.05,182.45,0.0,3311.94,428.45,2860.85,22.64,-52.39,1
2024-10-29,Tuesday,2997.27,0.0,-39.32,2957.95,0.0,308.2,183.38,0.0,3449.44,369.35,3070.39,9.7,-54.91,1
2024-10-30,Wednesday,3173.58,0.0,-131.92,3041.66,0.0,314.16,184.94,0.0,3540.7,324.4,3216.3,0.0,-59.46,1
2024-10-31,Thursday,3173.81,0.0,-43.66,3130.15,125.0,344.88,225.69,0.0,3825.63,207.45,3618.18,0.0,-62.82,1
2024-11-01,Friday,4714.06,0.0,-59.18,4654.88,250.0,472.11,215.45,0.0,5592.46,612.75,4902.57,77.14,-89.6,1
2024-11-02,Saturday,5279.25,0.0,-45.19,5234.06,0.0,552.92,380.72,0.0,6167.64,281.55,5847.26,38.83,-103.87,1
2024-11-03,Sunday,4019.92,-18.0,-23.3,3978.62,0.0,401.68,234.57,0.0,4614.82,153.9,4460.92,0.0,-83.22,1
2024-11-04,Monday,2929.53,0.0,-24.35,2905.18,0.0,298.76,241.59,0.0,3445.38,249.35,3149.41,46.62,-58.42,1
2024-11-05,Tuesday,2968.82,-7.5,-57.87,2903.45,20.0,298.5,181.41,0.0,3403.43,368.2,2980.74,54.49,-49.78,1
2024-11-06,Wednesday,3227.66,0.0,-117.78,3109.88,0.0,310.75,179.99,0.0,3600.59,321.15,3276.33,3.11,-60.54,1
2024-11-07,Thursday,3495.32,0.0,-46.36,3448.96,0.0,326.08,164.99,0.0,3940.06,339.75,3600.31,0.0,-69.06,1
2024-11-08,Friday,4193.28,0.0,-156.15,4037.13,0.0,415.24,248.52,0.0,4700.91,325.55,4371.41,3.95,-76.94,1
2024-11-09,Saturday,5755.09,0.0,-72.7,5682.39,30.0,592.47,388.57,0.0,6693.28,482.45,6170.18,40.65,-112.53,1
2024-11-10,Sunday,3092.28,0.0,-19.96,3072.32,0.0,304.25,201.45,0.0,3578.04,290.65,3287.39,0.0,-62.64,1
2024-11-11,Monday,2928.82,0.0,-21.44,2907.38,0.0,299.53,158.12,0.0,3365.02,468.6,2896.42,0.0,-54.53,1
2024-11-12,Tuesday,2945.52,0.0,-36.47,2909.05,0.0,301.97,147.99,0.0,3359.11,292.75,3062.75,3.61,-54.31,1
2024-11-13,Wednesday,2849.0,0.0,-42.76,2806.24,0.0,293.12,145.83,0.0,3245.22,237.95,2974.34,32.93,-56.12,1
2024-11-14,Thursday,3831.56,0.0,-69.38,3762.18,0.0,352.7,195.39,0.0,4310.25,293.95,4016.3,0.0,-76.65,1
2024-11-15,Friday,4184.65,-52.5,-108.8,4023.35,0.0,394.32,224.7,0.0,4642.18,469.35,4162.23,10.6,-75.69,1
2024-11-16,Saturday,4733.64,0.0,-112.87,4620.77,30.0,475.95,272.7,0.0,5399.44,313.75,5049.48,36.21,-86.87,1
2024-11-17,Sunday,4491.56,0.0,-16.93,4474.63,0.0,463.77,293.98,0.0,5232.36,634.0,4598.36,0.0,-75.89,1
2024-11-18,Monday,2746.11,0.0,-63.82,2682.29,50.0,270.83,179.03,0.0,3182.0,382.25,2799.75,0.0,-52.7,1
2024-11-19,Tuesday,3064.31,0.0,-56.51,3007.8,0.0,321.84,208.7,0.0,3538.23,211.4,3305.85,20.98,-60.04,1
2024-11-20,Wednesday,2846.15,0.0,-54.29,2791.86,260.0,307.73,163.26,0.0,3522.84,279.4,3226.97,16.47,-57.73,1
2024-11-21,Thursday,4439.39,0.0,-122.88,4316.51,100.0,356.39,233.44,0.0,5006.28,302.25,4704.03,0.0,-88.5,1
2024-11-22,Friday,4867.78,0.0,-132.03,4735.75,0.0,498.34,269.72,0.0,5503.79,393.95,5109.84,0.0,-88.75,1
2024-11-23,Saturday,5066.4,-26.5,-71.73,4968.17,50.0,517.75,330.22,0.0,5866.18,345.6,5436.27,84.31,-97.9,1
2024-11-24,Sunday,3355.18,0.0,-22.54,3332.64,0.0,333.35,195.85,0.0,3861.8,336.1,3525.7,0.0,-61.48,1
2024-11-25,Monday,2706.49,0.0,-77.24,2629.25,165.0,265.87,181.78,0.0,3241.77,243.3,2998.47,0.0,-52.21,1
2024-11-26,Tuesday,2969.38,0.0,-48.67,2920.71,0.0,312.39,206.18,0.0,3439.28,280.8,3158.48,0.0,-56.28,1
2024-11-27,Wednesday,3147.48,0.0,-84.48,3063.0,90.0,284.97,161.0,0.0,3598.98,195.15,3380.22,23.61,-58.58,1
2024-11-28,Thursday,3178.31,0.0,-90.69,3087.62,0.0,326.08,180.23,0.0,3593.98,237.3,3319.68,37.0,-56.5,1
2024-11-29,Friday,4407.06,-7.5,-187.77,4211.79,15.0,422.73,252.49,0.0,4901.91,424.0,4477.91,0.0,-82.36,1
2024-11-30,Saturday,5651.18,0.0,-279.29,5371.89,220.0,531.73,338.0,0.0,6461.63,333.05,6094.37,34.21,-101.01,1
2024-12-01,Sunday,3858.31,0.0,-148.21,3710.1,0.0,383.43,167.69,0.0,4261.23,330.25,3913.76,17.22,-68.98,1
2024-12-02,Monday,2678.25,0.0,-96.24,2582.01,0.0,257.23,149.04,0.0,2988.28,257.7,2710.58,20.0,-45.63,1
2024-12-03,Tuesday,3684.03,0.0,-35.99,3648.04,80.0,364.08,193.97,0.0,4285.94,422.1,3863.84,0.0,-65.92,1
2024-12-04,Wednesday,2968.86,0.0,-70.98,2897.88,25.0,288.48,144.41,0.0,3355.6,457.5,2898.1,0.0,-48.33,1
2024-12-05,Thursday,2743.55,0.0,-55.58,2687.97,140.0,275.64,163.85,0.0,3267.3,338.35,2911.73,17.22,-53.26,1
2024-12-06,Friday,3454.79,0.0,-140.47,3314.32,0.0,340.48,204.4,0.0,3859.24,327.1,3495.67,36.47,-64.17,1
2024-12-07,Saturday,5714.15,0.0,-150.58,5563.57,40.0,540.81,326.05,0.0,6470.36,462.6,5999.76,8.0,-106.8,1
2024-12-08,Sunday,4512.71,0.0,-160.56,4352.15,0.0,426.92,216.5,0.0,4995.65,396.85,4574.85,23.95,-81.88,1
2024-12-09,Monday,192.5,0.0,-0.1,192.4,0.0,24.09,12.86,0.0,229.35,6.1,223.25,0.0,-4.12,1
2024-12-10,Tuesday,0.0,0.0,0.0,0.0,0.0,0.0,0.0,0.0,0.0,0.0,0.0,0.0,0.0,0
2024-12-11,Wednesday,0.0,0.0,0.0,0.0,0.0,0.0,0.0,0.0,0.0,0.0,0.0,0.0,0.0,0
2024-12-12,Thursday,0.0,0.0,0.0,0.0,0.0,0.0,0.0,0.0,0.0,0.0,0.0,0.0,0.0,0
2024-12-13,Friday,0.0,0.0,0.0,0.0,0.0,0.0,0.0,0.0,0.0,0.0,0.0,0.0,0.0,0
2024-12-14,Saturday,0.0,0.0,0.0,0.0,0.0,0.0,0.0,0.0,0.0,0.0,0.0,0.0,0.0,0
2024-12-15,Sunday,0.0,0.0,0.0,0.0,0.0,0.0,0.0,0.0,0.0,0.0,0.0,0.0,0.0,0
2024-12-16,Monday,0.0,0.0,0.0,0.0,0.0,0.0,0.0,0.0,0.0,0.0,0.0,0.0,0.0,0
2024-12-17,Tuesday,0.0,0.0,0.0,0.0,0.0,0.0,0.0,0.0,0.0,0.0,0.0,0.0,0.0,0
2024-12-18,Wednesday,0.0,0.0,0.0,0.0,0.0,0.0,0.0,0.0,0.0,0.0,0.0,0.0,0.0,0
2024-12-19,Thursday,0.0,0.0,0.0,0.0,0.0,0.0,0.0,0.0,0.0,0.0,0.0,0.0,0.0,0
2024-12-20,Friday,0.0,0.0,0.0,0.0,0.0,0.0,0.0,0.0,0.0,0.0,0.0,0.0,0.0,0
2024-12-21,Saturday,0.0,0.0,0.0,0.0,0.0,0.0,0.0,0.0,0.0,0.0,0.0,0.0,0.0,0
2024-12-22,Sunday,0.0,0.0,0.0,0.0,0.0,0.0,0.0,0.0,0.0,0.0,0.0,0.0,0.0,0
2024-12-23,Monday,0.0,0.0,0.0,0.0,0.0,0.0,0.0,0.0,0.0,0.0,0.0,0.0,0.0,0
2024-12-24,Tuesday,0.0,0.0,0.0,0.0,0.0,0.0,0.0,0.0,0.0,0.0,0.0,0.0,0.0,0
2024-12-25,Wednesday,0.0,0.0,0.0,0.0,0.0,0.0,0.0,0.0,0.0,0.0,0.0,0.0,0.0,0
2024-12-26,Thursday,0.0,0.0,0.0,0.0,0.0,0.0,0.0,0.0,0.0,0.0,0.0,0.0,0.0,0
2024-12-27,Friday,0.0,0.0,0.0,0.0,0.0,0.0,0.0,0.0,0.0,0.0,0.0,0.0,0.0,0
2024-12-28,Saturday,0.0,0.0,0.0,0.0,0.0,0.0,0.0,0.0,0.0,0.0,0.0,0.0,0.0,0
2024-12-29,Sunday,0.0,0.0,0.0,0.0,0.0,0.0,0.0,0.0,0.0,0.0,0.0,0.0,0.0,0
2024-12-30,Monday,0.0,0.0,0.0,0.0,0.0,0.0,0.0,0.0,0.0,0.0,0.0,0.0,0.0,0
2024-12-31,Tuesday,0.0,0.0,0.0,0.0,0.0,0.0,0.0,0.0,0.0,0.0,0.0,0.0,0.0,0
2025-01-01,Wednesday,0.0,0.0,0.0,0.0,0.0,0.0,0.0,0.0,0.0,0.0,0.0,0.0,0.0,0
